store,item,date,current_sales,baseline_sales,uplift_pct,uplift_amount,performance_category,performance_by_amount,is_top_performer,is_underperformer,has_actual_data
2,35,2019-01-01,84.66265060240964,76.19638554216868,11.11,8.47,Average Performer,$+8.47 (+11.1% from baseline),False,False,True
8,25,2019-01-01,99.24479737130339,89.32031763417305,11.11,9.92,Average Performer,$+9.92 (+11.1% from baseline),False,False,True
2,26,2019-01-01,61.10350492880613,54.99315443592552,11.11,6.11,Average Performer,$+6.11 (+11.1% from baseline),False,False,True
6,33,2019-01-01,52.67250821467689,47.4052573932092,11.11,5.27,Average Performer,$+5.27 (+11.1% from baseline),False,False,True
6,28,2019-01-01,66.460569550931,59.8145125958379,11.11,6.65,Average Performer,$+6.65 (+11.1% from baseline),False,False,True
9,48,2019-01-01,53.976998904709745,48.57929901423877,11.11,5.4,Average Performer,$+5.40 (+11.1% from baseline),False,False,True
9,8,2019-01-01,81.28751369112815,73.15876232201533,11.11,8.13,Average Performer,$+8.13 (+11.1% from baseline),False,False,True
2,38,2019-01-01,103.24917853231106,92.92426067907996,11.11,10.32,Average Performer,$+10.32 (+11.1% from baseline),False,False,True
4,8,2019-01-01,80.81982475355969,72.73784227820371,11.11,8.08,Average Performer,$+8.08 (+11.1% from baseline),False,False,True
2,43,2019-01-01,65.78532311062432,59.20679079956189,11.11,6.58,Average Performer,$+6.58 (+11.1% from baseline),False,False,True
7,50,2019-01-01,45.8236582694414,41.24129244249726,11.11,4.58,Average Performer,$+4.58 (+11.1% from baseline),False,False,True
6,18,2019-01-01,63.72562979189485,57.35306681270537,11.11,6.37,Average Performer,$+6.37 (+11.1% from baseline),False,False,True
8,19,2019-01-01,49.446878422782035,44.502190580503836,11.11,4.94,Average Performer,$+4.94 (+11.1% from baseline),False,False,True
3,12,2019-01-01,79.08378970427164,71.17541073384447,11.11,7.91,Average Performer,$+7.91 (+11.1% from baseline),False,False,True
3,41,2019-01-01,24.98904709748083,22.49014238773275,11.11,2.5,Average Performer,$+2.50 (+11.1% from baseline),False,False,True
4,21,2019-01-01,42.29463307776561,38.06516976998905,11.11,4.23,Average Performer,$+4.23 (+11.1% from baseline),False,False,True
3,40,2019-01-01,33.56900328587076,30.212102957283683,11.11,3.36,Average Performer,$+3.36 (+11.1% from baseline),False,False,True
5,15,2019-01-01,66.98740416210296,60.28866374589267,11.11,6.7,Average Performer,$+6.70 (+11.1% from baseline),False,False,True
1,7,2019-01-01,52.78368017524644,47.5053121577218,11.11,5.28,Average Performer,$+5.28 (+11.1% from baseline),False,False,True
4,29,2019-01-01,73.24370208105148,65.91933187294633,11.11,7.32,Average Performer,$+7.32 (+11.1% from baseline),False,False,True
1,35,2019-01-01,59.49507119386637,53.545564074479735,11.11,5.95,Average Performer,$+5.95 (+11.1% from baseline),False,False,True
9,21,2019-01-01,42.575027382256295,38.31752464403067,11.11,4.26,Average Performer,$+4.26 (+11.1% from baseline),False,False,True
4,11,2019-01-01,73.40087623220154,66.06078860898138,11.11,7.34,Average Performer,$+7.34 (+11.1% from baseline),False,False,True
3,5,2019-01-01,20.857612267250822,18.77185104052574,11.11,2.09,Average Performer,$+2.09 (+11.1% from baseline),False,False,True
4,4,2019-01-01,23.086527929901425,20.777875136911284,11.11,2.31,Average Performer,$+2.31 (+11.1% from baseline),False,False,True
6,7,2019-01-01,44.59912376779847,40.13921139101862,11.11,4.46,Average Performer,$+4.46 (+11.1% from baseline),False,False,True
1,28,2019-01-01,79.56681270536693,71.61013143483024,11.11,7.96,Average Performer,$+7.96 (+11.1% from baseline),False,False,True
4,17,2019-01-01,34.55202628696605,31.096823658269443,11.11,3.46,Average Performer,$+3.46 (+11.1% from baseline),False,False,True
2,19,2019-01-01,51.81982475355969,46.63784227820373,11.11,5.18,Average Performer,$+5.18 (+11.1% from baseline),False,False,True
1,1,2019-01-01,19.971522453450163,17.974370208105146,11.11,2.0,Average Performer,$+2.00 (+11.1% from baseline),False,False,True
10,26,2019-01-01,53.71741511500548,48.345673603504935,11.11,5.37,Average Performer,$+5.37 (+11.1% from baseline),False,False,True
4,34,2019-01-01,27.001095290251918,24.300985761226727,11.11,2.7,Average Performer,$+2.70 (+11.1% from baseline),False,False,True
4,8,2019-01-01,80.81982475355969,72.73784227820371,11.11,8.08,Average Performer,$+8.08 (+11.1% from baseline),False,False,True
1,42,2019-01-01,33.10569550930997,29.79512595837897,11.11,3.31,Average Performer,$+3.31 (+11.1% from baseline),False,False,True
5,49,2019-01-01,22.37185104052574,20.134665936473166,11.11,2.24,Average Performer,$+2.24 (+11.1% from baseline),False,False,True
7,23,2019-01-01,20.243702081051477,18.21933187294633,11.11,2.02,Average Performer,$+2.02 (+11.1% from baseline),False,False,True
5,44,2019-01-01,22.41511500547645,20.173603504928806,11.11,2.24,Average Performer,$+2.24 (+11.1% from baseline),False,False,True
1,30,2019-01-01,36.31818181818182,32.68636363636364,11.11,3.63,Average Performer,$+3.63 (+11.1% from baseline),False,False,True
1,15,2019-01-01,79.68072289156626,71.71265060240964,11.11,7.97,Average Performer,$+7.97 (+11.1% from baseline),False,False,True
1,14,2019-01-01,53.14895947426068,47.83406352683461,11.11,5.31,Average Performer,$+5.31 (+11.1% from baseline),False,False,True
8,2,2019-01-01,71.6566265060241,64.49096385542168,11.11,7.17,Average Performer,$+7.17 (+11.1% from baseline),False,False,True
7,37,2019-01-01,20.249726177437022,18.22475355969332,11.11,2.02,Average Performer,$+2.02 (+11.1% from baseline),False,False,True
5,40,2019-01-01,22.109529025191677,19.89857612267251,11.11,2.21,Average Performer,$+2.21 (+11.1% from baseline),False,False,True
5,5,2019-01-01,14.086527929901424,12.67787513691128,11.11,1.41,Average Performer,$+1.41 (+11.1% from baseline),False,False,True
8,5,2019-01-01,22.427710843373493,20.184939759036144,11.11,2.24,Average Performer,$+2.24 (+11.1% from baseline),False,False,True
2,6,2019-01-01,74.94523548740416,67.45071193866374,11.11,7.49,Average Performer,$+7.49 (+11.1% from baseline),False,False,True
7,42,2019-01-01,25.43592552026287,22.892332968236584,11.11,2.54,Average Performer,$+2.54 (+11.1% from baseline),False,False,True
2,21,2019-01-01,51.75629791894852,46.58066812705367,11.11,5.18,Average Performer,$+5.18 (+11.1% from baseline),False,False,True
6,15,2019-01-02,66.66867469879519,60.001807228915666,11.11,6.67,Average Performer,$+6.67 (+11.1% from baseline),False,False,True
9,41,2019-01-02,23.191128148959475,20.872015334063526,11.11,2.32,Average Performer,$+2.32 (+11.1% from baseline),False,False,True
10,20,2019-01-02,53.23986856516977,47.9158817086528,11.11,5.32,Average Performer,$+5.32 (+11.1% from baseline),False,False,True
10,25,2019-01-02,90.49507119386638,81.44556407447975,11.11,9.05,Average Performer,$+9.05 (+11.1% from baseline),False,False,True
6,36,2019-01-02,58.86199342825849,52.97579408543264,11.11,5.89,Average Performer,$+5.89 (+11.1% from baseline),False,False,True
9,11,2019-01-02,73.16867469879519,65.85180722891567,11.11,7.32,Average Performer,$+7.32 (+11.1% from baseline),False,False,True
1,35,2019-01-02,59.49507119386637,53.545564074479735,11.11,5.95,Average Performer,$+5.95 (+11.1% from baseline),False,False,True
9,4,2019-01-02,23.150054764512596,20.835049288061338,11.11,2.32,Average Performer,$+2.32 (+11.1% from baseline),False,False,True
6,15,2019-01-02,66.66867469879519,60.001807228915666,11.11,6.67,Average Performer,$+6.67 (+11.1% from baseline),False,False,True
8,37,2019-01-02,36.02738225629792,32.42464403066813,11.11,3.6,Average Performer,$+3.60 (+11.1% from baseline),False,False,True
3,11,2019-01-02,79.29134720700986,71.36221248630888,11.11,7.93,Average Performer,$+7.93 (+11.1% from baseline),False,False,True
9,3,2019-01-02,38.53504928806134,34.681544359255206,11.11,3.85,Average Performer,$+3.85 (+11.1% from baseline),False,False,True
5,23,2019-01-02,22.348849945235486,20.11396495071194,11.11,2.23,Average Performer,$+2.23 (+11.1% from baseline),False,False,True
6,28,2019-01-02,66.460569550931,59.8145125958379,11.11,6.65,Average Performer,$+6.65 (+11.1% from baseline),False,False,True
8,36,2019-01-02,94.3658269441402,84.92924424972618,11.11,9.44,Average Performer,$+9.44 (+11.1% from baseline),False,False,True
2,28,2019-01-02,112.63800657174151,101.37420591456737,11.11,11.26,Average Performer,$+11.26 (+11.1% from baseline),False,False,True
3,35,2019-01-02,74.62322015334064,67.16089813800657,11.11,7.46,Average Performer,$+7.46 (+11.1% from baseline),False,False,True
2,45,2019-01-02,103.38116100766703,93.04304490690033,11.11,10.34,Average Performer,$+10.34 (+11.1% from baseline),False,False,True
7,44,2019-01-02,20.44633077765608,18.401697699890473,11.11,2.04,Average Performer,$+2.04 (+11.1% from baseline),False,False,True
8,14,2019-01-02,71.60295728368017,64.44266155531216,11.11,7.16,Average Performer,$+7.16 (+11.1% from baseline),False,False,True
3,12,2019-01-02,79.08378970427164,71.17541073384447,11.11,7.91,Average Performer,$+7.91 (+11.1% from baseline),False,False,True
4,12,2019-01-02,73.10295728368017,65.79266155531215,11.11,7.31,Average Performer,$+7.31 (+11.1% from baseline),False,False,True
6,26,2019-01-02,36.157721796276014,32.54194961664842,11.11,3.62,Average Performer,$+3.62 (+11.1% from baseline),False,False,True
3,44,2019-01-02,33.38608981380066,30.047480832420593,11.11,3.34,Average Performer,$+3.34 (+11.1% from baseline),False,False,True
9,1,2019-01-02,23.325848849945235,20.99326396495071,11.11,2.33,Average Performer,$+2.33 (+11.1% from baseline),False,False,True
2,4,2019-01-02,28.234939759036145,25.41144578313253,11.11,2.82,Average Performer,$+2.82 (+11.1% from baseline),False,False,True
6,8,2019-01-02,58.3855421686747,52.546987951807225,11.11,5.84,Average Performer,$+5.84 (+11.1% from baseline),False,False,True
8,2,2019-01-02,71.6566265060241,64.49096385542168,11.11,7.17,Average Performer,$+7.17 (+11.1% from baseline),False,False,True
3,25,2019-01-02,91.8395399780942,82.65558598028478,11.11,9.18,Average Performer,$+9.18 (+11.1% from baseline),False,False,True
10,33,2019-01-02,78.36473165388828,70.52825848849946,11.11,7.84,Average Performer,$+7.84 (+11.1% from baseline),False,False,True
4,42,2019-01-02,38.539978094194964,34.68598028477547,11.11,3.85,Average Performer,$+3.85 (+11.1% from baseline),False,False,True
10,11,2019-01-02,78.27217962760132,70.44496166484119,11.11,7.83,Average Performer,$+7.83 (+11.1% from baseline),False,False,True
8,33,2019-01-02,85.34501642935378,76.8105147864184,11.11,8.53,Average Performer,$+8.53 (+11.1% from baseline),False,False,True
10,18,2019-01-02,94.71960569550932,85.24764512595839,11.11,9.47,Average Performer,$+9.47 (+11.1% from baseline),False,False,True
10,23,2019-01-02,33.100219058050385,29.790197152245348,11.11,3.31,Average Performer,$+3.31 (+11.1% from baseline),False,False,True
6,1,2019-01-02,16.717962760131435,15.046166484118292,11.11,1.67,Average Performer,$+1.67 (+11.1% from baseline),False,False,True
3,49,2019-01-02,33.25958378970427,29.933625410733846,11.11,3.33,Average Performer,$+3.33 (+11.1% from baseline),False,False,True
7,24,2019-01-02,45.7447973713034,41.17031763417306,11.11,4.57,Average Performer,$+4.57 (+11.1% from baseline),False,False,True
4,16,2019-01-02,27.176889375684556,24.459200438116103,11.11,2.72,Average Performer,$+2.72 (+11.1% from baseline),False,False,True
1,10,2019-01-02,66.35432639649507,59.71889375684556,11.11,6.64,Average Performer,$+6.64 (+11.1% from baseline),False,False,True
8,26,2019-01-02,58.62212486308872,52.75991237677985,11.11,5.86,Average Performer,$+5.86 (+11.1% from baseline),False,False,True
7,1,2019-01-02,15.159364731653888,13.6434282584885,11.11,1.52,Average Performer,$+1.52 (+11.1% from baseline),False,False,True
9,15,2019-01-02,93.13745892661555,83.823713033954,11.11,9.31,Average Performer,$+9.31 (+11.1% from baseline),False,False,True
10,7,2019-01-02,65.80777656078861,59.22699890470975,11.11,6.58,Average Performer,$+6.58 (+11.1% from baseline),False,False,True
10,13,2019-01-02,94.68455640744797,85.21610076670318,11.11,9.47,Average Performer,$+9.47 (+11.1% from baseline),False,False,True
7,13,2019-01-03,58.547645125958375,52.69288061336254,11.11,5.85,Average Performer,$+5.85 (+11.1% from baseline),False,False,True
10,19,2019-01-03,45.36473165388828,40.82825848849945,11.11,4.54,Average Performer,$+4.54 (+11.1% from baseline),False,False,True
1,10,2019-01-03,66.35432639649507,59.71889375684556,11.11,6.64,Average Performer,$+6.64 (+11.1% from baseline),False,False,True
10,18,2019-01-03,94.71960569550932,85.24764512595839,11.11,9.47,Average Performer,$+9.47 (+11.1% from baseline),False,False,True
8,41,2019-01-03,27.03614457831325,24.332530120481927,11.11,2.7,Average Performer,$+2.70 (+11.1% from baseline),False,False,True
5,32,2019-01-03,33.25739320920044,29.931653888280394,11.11,3.33,Average Performer,$+3.33 (+11.1% from baseline),False,False,True
4,44,2019-01-03,30.95235487404162,27.85711938663746,11.11,3.1,Average Performer,$+3.10 (+11.1% from baseline),False,False,True
9,3,2019-01-03,38.53504928806134,34.681544359255206,11.11,3.85,Average Performer,$+3.85 (+11.1% from baseline),False,False,True
1,44,2019-01-03,26.59419496166484,23.934775465498358,11.11,2.66,Average Performer,$+2.66 (+11.1% from baseline),False,False,True
10,38,2019-01-03,90.1013143483023,81.09118291347207,11.11,9.01,Average Performer,$+9.01 (+11.1% from baseline),False,False,True
2,10,2019-01-03,94.09748083242059,84.68773274917854,11.11,9.41,Average Performer,$+9.41 (+11.1% from baseline),False,False,True
8,9,2019-01-03,63.19331872946331,56.87398685651698,11.11,6.32,Average Performer,$+6.32 (+11.1% from baseline),False,False,True
5,45,2019-01-03,61.427163198247534,55.284446878422784,11.11,6.14,Average Performer,$+6.14 (+11.1% from baseline),False,False,True
6,1,2019-01-03,16.717962760131435,15.046166484118292,11.11,1.67,Average Performer,$+1.67 (+11.1% from baseline),False,False,True
1,7,2019-01-03,52.78368017524644,47.5053121577218,11.11,5.28,Average Performer,$+5.28 (+11.1% from baseline),False,False,True
8,39,2019-01-03,53.74589266155531,48.37130339539978,11.11,5.37,Average Performer,$+5.37 (+11.1% from baseline),False,False,True
3,32,2019-01-03,50.039430449069,45.035487404162104,11.11,5.0,Average Performer,$+5.00 (+11.1% from baseline),False,False,True
4,16,2019-01-03,27.176889375684556,24.459200438116103,11.11,2.72,Average Performer,$+2.72 (+11.1% from baseline),False,False,True
9,31,2019-01-03,61.604052573932094,55.443647316538886,11.11,6.16,Average Performer,$+6.16 (+11.1% from baseline),False,False,True
2,27,2019-01-03,28.338992332968235,25.505093099671413,11.11,2.83,Average Performer,$+2.83 (+11.1% from baseline),False,False,True
4,16,2019-01-03,27.176889375684556,24.459200438116103,11.11,2.72,Average Performer,$+2.72 (+11.1% from baseline),False,False,True
9,43,2019-01-03,54.15279299014239,48.73751369112815,11.11,5.42,Average Performer,$+5.42 (+11.1% from baseline),False,False,True
4,9,2019-01-03,54.04381161007667,48.63943044906901,11.11,5.4,Average Performer,$+5.40 (+11.1% from baseline),False,False,True
7,41,2019-01-03,15.471522453450165,13.924370208105149,11.11,1.55,Average Performer,$+1.55 (+11.1% from baseline),False,False,True
3,7,2019-01-03,66.64786418400877,59.983077765607895,11.11,6.66,Average Performer,$+6.66 (+11.1% from baseline),False,False,True
2,15,2019-01-03,112.578860898138,101.32097480832421,11.11,11.26,Average Performer,$+11.26 (+11.1% from baseline),False,False,True
2,3,2019-01-03,46.99233296823658,42.293099671412925,11.11,4.7,Average Performer,$+4.70 (+11.1% from baseline),False,False,True
8,9,2019-01-03,63.19331872946331,56.87398685651698,11.11,6.32,Average Performer,$+6.32 (+11.1% from baseline),False,False,True
10,38,2019-01-03,90.1013143483023,81.09118291347207,11.11,9.01,Average Performer,$+9.01 (+11.1% from baseline),False,False,True
3,35,2019-01-03,74.62322015334064,67.16089813800657,11.11,7.46,Average Performer,$+7.46 (+11.1% from baseline),False,False,True
1,27,2019-01-03,20.05093099671413,18.045837897042716,11.11,2.01,Average Performer,$+2.01 (+11.1% from baseline),False,False,True
4,30,2019-01-03,42.48849945235487,38.23964950711939,11.11,4.25,Average Performer,$+4.25 (+11.1% from baseline),False,False,True
6,23,2019-01-03,22.246440306681272,20.021796276013145,11.11,2.22,Average Performer,$+2.22 (+11.1% from baseline),False,False,True
5,29,2019-01-03,52.775465498357065,47.49791894852136,11.11,5.28,Average Performer,$+5.28 (+11.1% from baseline),False,False,True
10,14,2019-01-03,66.10021905805039,59.49019715224535,11.11,6.61,Average Performer,$+6.61 (+11.1% from baseline),False,False,True
9,7,2019-01-03,61.812157721796275,55.63094194961665,11.11,6.18,Average Performer,$+6.18 (+11.1% from baseline),False,False,True
9,43,2019-01-03,54.15279299014239,48.73751369112815,11.11,5.42,Average Performer,$+5.42 (+11.1% from baseline),False,False,True
8,21,2019-01-03,49.65334063526834,44.68800657174151,11.11,4.97,Average Performer,$+4.97 (+11.1% from baseline),False,False,True
6,44,2019-01-03,22.322562979189485,20.090306681270537,11.11,2.23,Average Performer,$+2.23 (+11.1% from baseline),False,False,True
1,41,2019-01-03,20.00273822562979,18.002464403066814,11.11,2.0,Average Performer,$+2.00 (+11.1% from baseline),False,False,True
10,37,2019-01-03,32.77601314348302,29.498411829134717,11.11,3.28,Average Performer,$+3.28 (+11.1% from baseline),False,False,True
6,36,2019-01-04,58.86199342825849,52.97579408543264,11.11,5.89,Average Performer,$+5.89 (+11.1% from baseline),False,False,True
6,34,2019-01-04,19.657721796276014,17.691949616648415,11.11,1.97,Average Performer,$+1.97 (+11.1% from baseline),False,False,True
4,45,2019-01-04,84.68729463307777,76.21856516976999,11.11,8.47,Average Performer,$+8.47 (+11.1% from baseline),False,False,True
4,50,2019-01-04,68.92168674698796,62.029518072289164,11.11,6.89,Average Performer,$+6.89 (+11.1% from baseline),False,False,True
10,49,2019-01-04,33.032311062431546,29.729079956188393,11.11,3.3,Average Performer,$+3.30 (+11.1% from baseline),False,False,True
2,20,2019-01-04,60.97809419496166,54.8802847754655,11.11,6.1,Average Performer,$+6.10 (+11.1% from baseline),False,False,True
3,45,2019-01-04,91.85104052573932,82.66593647316539,11.11,9.19,Average Performer,$+9.19 (+11.1% from baseline),False,False,True
8,22,2019-01-04,98.91456736035049,89.02311062431544,11.11,9.89,Average Performer,$+9.89 (+11.1% from baseline),False,False,True
6,32,2019-01-04,33.443044906900326,30.098740416210294,11.11,3.34,Average Performer,$+3.34 (+11.1% from baseline),False,False,True
3,17,2019-01-04,37.75301204819277,33.977710843373494,11.11,3.78,Average Performer,$+3.78 (+11.1% from baseline),False,False,True
1,6,2019-01-04,53.06078860898138,47.75470974808324,11.11,5.31,Average Performer,$+5.31 (+11.1% from baseline),False,False,True
9,25,2019-01-04,85.13691128148959,76.62322015334063,11.11,8.51,Average Performer,$+8.51 (+11.1% from baseline),False,False,True
4,50,2019-01-04,68.92168674698796,62.029518072289164,11.11,6.89,Average Performer,$+6.89 (+11.1% from baseline),False,False,True
8,2,2019-01-04,71.6566265060241,64.49096385542168,11.11,7.17,Average Performer,$+7.17 (+11.1% from baseline),False,False,True
9,27,2019-01-04,23.3723986856517,21.03515881708653,11.11,2.34,Average Performer,$+2.34 (+11.1% from baseline),False,False,True
2,40,2019-01-04,37.57064622124863,33.813581599123765,11.11,3.76,Average Performer,$+3.76 (+11.1% from baseline),False,False,True
7,14,2019-01-04,41.02245345016429,36.920208105147864,11.11,4.1,Average Performer,$+4.10 (+11.1% from baseline),False,False,True
6,8,2019-01-04,58.3855421686747,52.546987951807225,11.11,5.84,Average Performer,$+5.84 (+11.1% from baseline),False,False,True
8,26,2019-01-04,58.62212486308872,52.75991237677985,11.11,5.86,Average Performer,$+5.86 (+11.1% from baseline),False,False,True
5,35,2019-01-04,50.1829134720701,45.16462212486309,11.11,5.02,Average Performer,$+5.02 (+11.1% from baseline),False,False,True
5,43,2019-01-04,39.1631982475356,35.24687842278204,11.11,3.92,Average Performer,$+3.92 (+11.1% from baseline),False,False,True
3,2,2019-01-04,66.80449069003286,60.124041621029576,11.11,6.68,Average Performer,$+6.68 (+11.1% from baseline),False,False,True
9,27,2019-01-04,23.3723986856517,21.03515881708653,11.11,2.34,Average Performer,$+2.34 (+11.1% from baseline),False,False,True
8,9,2019-01-04,63.19331872946331,56.87398685651698,11.11,6.32,Average Performer,$+6.32 (+11.1% from baseline),False,False,True
6,41,2019-01-04,16.60733844468784,14.946604600219057,11.11,1.66,Average Performer,$+1.66 (+11.1% from baseline),False,False,True
4,41,2019-01-04,23.168127053669224,20.851314348302303,11.11,2.32,Average Performer,$+2.32 (+11.1% from baseline),False,False,True
5,42,2019-01-04,27.730558598028477,24.957502738225628,11.11,2.77,Average Performer,$+2.77 (+11.1% from baseline),False,False,True
4,14,2019-01-04,61.75684556407448,55.581161007667035,11.11,6.18,Average Performer,$+6.18 (+11.1% from baseline),False,False,True
10,33,2019-01-04,78.36473165388828,70.52825848849946,11.11,7.84,Average Performer,$+7.84 (+11.1% from baseline),False,False,True
9,14,2019-01-04,61.45837897042716,55.312541073384445,11.11,6.15,Average Performer,$+6.15 (+11.1% from baseline),False,False,True
10,28,2019-01-04,98.76615553121577,88.88953997809419,11.11,9.88,Average Performer,$+9.88 (+11.1% from baseline),False,False,True
4,11,2019-01-04,73.40087623220154,66.06078860898138,11.11,7.34,Average Performer,$+7.34 (+11.1% from baseline),False,False,True
4,43,2019-01-04,54.01861993428258,48.61675794085433,11.11,5.4,Average Performer,$+5.40 (+11.1% from baseline),False,False,True
10,1,2019-01-04,24.736035049288063,22.262431544359256,11.11,2.47,Average Performer,$+2.47 (+11.1% from baseline),False,False,True
10,16,2019-01-04,28.690032858707557,25.821029572836803,11.11,2.87,Average Performer,$+2.87 (+11.1% from baseline),False,False,True
7,24,2019-01-04,45.7447973713034,41.17031763417306,11.11,4.57,Average Performer,$+4.57 (+11.1% from baseline),False,False,True
2,26,2019-01-05,61.10350492880613,54.99315443592552,11.11,6.11,Average Performer,$+6.11 (+11.1% from baseline),False,False,True
7,31,2019-01-05,41.015334063526836,36.91380065717416,11.11,4.1,Average Performer,$+4.10 (+11.1% from baseline),False,False,True
5,35,2019-01-05,50.1829134720701,45.16462212486309,11.11,5.02,Average Performer,$+5.02 (+11.1% from baseline),False,False,True
10,46,2019-01-05,66.04654983570646,59.44189485213581,11.11,6.6,Average Performer,$+6.60 (+11.1% from baseline),False,False,True
7,44,2019-01-05,20.44633077765608,18.401697699890473,11.11,2.04,Average Performer,$+2.04 (+11.1% from baseline),False,False,True
6,12,2019-01-05,52.872398685651696,47.58515881708653,11.11,5.29,Average Performer,$+5.29 (+11.1% from baseline),False,False,True
3,35,2019-01-05,74.62322015334064,67.16089813800657,11.11,7.46,Average Performer,$+7.46 (+11.1% from baseline),False,False,True
10,33,2019-01-05,78.36473165388828,70.52825848849946,11.11,7.84,Average Performer,$+7.84 (+11.1% from baseline),False,False,True
10,47,2019-01-05,24.755750273822564,22.280175246440308,11.11,2.48,Average Performer,$+2.48 (+11.1% from baseline),False,False,True
9,31,2019-01-05,61.604052573932094,55.443647316538886,11.11,6.16,Average Performer,$+6.16 (+11.1% from baseline),False,False,True
2,21,2019-01-05,51.75629791894852,46.58066812705367,11.11,5.18,Average Performer,$+5.18 (+11.1% from baseline),False,False,True
3,4,2019-01-05,25.116100766703177,22.60449069003286,11.11,2.51,Average Performer,$+2.51 (+11.1% from baseline),False,False,True
7,1,2019-01-05,15.159364731653888,13.6434282584885,11.11,1.52,Average Performer,$+1.52 (+11.1% from baseline),False,False,True
8,28,2019-01-05,107.8132530120482,97.03192771084338,11.11,10.78,Average Performer,$+10.78 (+11.1% from baseline),False,False,True
1,35,2019-01-05,59.49507119386637,53.545564074479735,11.11,5.95,Average Performer,$+5.95 (+11.1% from baseline),False,False,True
3,34,2019-01-05,29.092004381161008,26.182803943044906,11.11,2.91,Average Performer,$+2.91 (+11.1% from baseline),False,False,True
1,1,2019-01-05,19.971522453450163,17.974370208105146,11.11,2.0,Average Performer,$+2.00 (+11.1% from baseline),False,False,True
5,44,2019-01-05,22.41511500547645,20.173603504928806,11.11,2.24,Average Performer,$+2.24 (+11.1% from baseline),False,False,True
8,37,2019-01-05,36.02738225629792,32.42464403066813,11.11,3.6,Average Performer,$+3.60 (+11.1% from baseline),False,False,True
10,32,2019-01-05,49.3433734939759,44.409036144578316,11.11,4.93,Average Performer,$+4.93 (+11.1% from baseline),False,False,True
7,26,2019-01-05,33.01807228915663,29.716265060240964,11.11,3.3,Average Performer,$+3.30 (+11.1% from baseline),False,False,True
8,7,2019-01-05,71.73055859802848,64.55750273822564,11.11,7.17,Average Performer,$+7.17 (+11.1% from baseline),False,False,True
7,22,2019-01-05,56.02354874041621,50.42119386637459,11.11,5.6,Average Performer,$+5.60 (+11.1% from baseline),False,False,True
8,23,2019-01-05,35.991785323110626,32.39260679079956,11.11,3.6,Average Performer,$+3.60 (+11.1% from baseline),False,False,True
7,7,2019-01-05,40.70974808324206,36.63877327491786,11.11,4.07,Average Performer,$+4.07 (+11.1% from baseline),False,False,True
3,32,2019-01-05,50.039430449069,45.035487404162104,11.11,5.0,Average Performer,$+5.00 (+11.1% from baseline),False,False,True
1,26,2019-01-05,43.23603504928806,38.91243154435926,11.11,4.32,Average Performer,$+4.32 (+11.1% from baseline),False,False,True
7,26,2019-01-05,33.01807228915663,29.716265060240964,11.11,3.3,Average Performer,$+3.30 (+11.1% from baseline),False,False,True
2,39,2019-01-05,56.164293537787515,50.547864184008766,11.11,5.62,Average Performer,$+5.62 (+11.1% from baseline),False,False,True
8,34,2019-01-05,31.730558598028477,28.55750273822563,11.11,3.17,Average Performer,$+3.17 (+11.1% from baseline),False,False,True
5,28,2019-01-05,66.98083242059145,60.28274917853231,11.11,6.7,Average Performer,$+6.70 (+11.1% from baseline),False,False,True
7,16,2019-01-05,17.754107338444687,15.978696604600218,11.11,1.78,Average Performer,$+1.78 (+11.1% from baseline),False,False,True
1,26,2019-01-05,43.23603504928806,38.91243154435926,11.11,4.32,Average Performer,$+4.32 (+11.1% from baseline),False,False,True
5,32,2019-01-05,33.25739320920044,29.931653888280394,11.11,3.33,Average Performer,$+3.33 (+11.1% from baseline),False,False,True
7,40,2019-01-05,20.39485213581599,18.355366922234392,11.11,2.04,Average Performer,$+2.04 (+11.1% from baseline),False,False,True
6,44,2019-01-05,22.322562979189485,20.090306681270537,11.11,2.23,Average Performer,$+2.23 (+11.1% from baseline),False,False,True
2,4,2019-01-05,28.234939759036145,25.41144578313253,11.11,2.82,Average Performer,$+2.82 (+11.1% from baseline),False,False,True
8,13,2019-01-05,103.81982475355969,93.43784227820372,11.11,10.38,Average Performer,$+10.38 (+11.1% from baseline),False,False,True
10,24,2019-01-05,74.31763417305586,66.88587075575028,11.11,7.43,Average Performer,$+7.43 (+11.1% from baseline),False,False,True
9,27,2019-01-05,23.3723986856517,21.03515881708653,11.11,2.34,Average Performer,$+2.34 (+11.1% from baseline),False,False,True
4,30,2019-01-05,42.48849945235487,38.23964950711939,11.11,4.25,Average Performer,$+4.25 (+11.1% from baseline),False,False,True
10,8,2019-01-05,86.17688937568455,77.5592004381161,11.11,8.62,Average Performer,$+8.62 (+11.1% from baseline),False,False,True
2,9,2019-01-05,65.47809419496167,58.9302847754655,11.11,6.55,Average Performer,$+6.55 (+11.1% from baseline),False,False,True
10,1,2019-01-06,24.736035049288063,22.262431544359256,11.11,2.47,Average Performer,$+2.47 (+11.1% from baseline),False,False,True
3,32,2019-01-06,50.039430449069,45.035487404162104,11.11,5.0,Average Performer,$+5.00 (+11.1% from baseline),False,False,True
8,31,2019-01-06,71.97754654983571,64.77979189485214,11.11,7.2,Average Performer,$+7.20 (+11.1% from baseline),False,False,True
8,10,2019-01-06,89.81818181818181,80.83636363636363,11.11,8.98,Average Performer,$+8.98 (+11.1% from baseline),False,False,True
1,6,2019-01-06,53.06078860898138,47.75470974808324,11.11,5.31,Average Performer,$+5.31 (+11.1% from baseline),False,False,True
8,25,2019-01-06,99.24479737130339,89.32031763417305,11.11,9.92,Average Performer,$+9.92 (+11.1% from baseline),False,False,True
2,34,2019-01-06,33.09145673603505,29.782311062431546,11.11,3.31,Average Performer,$+3.31 (+11.1% from baseline),False,False,True
2,25,2019-01-06,103.42606790799562,93.08346111719605,11.11,10.34,Average Performer,$+10.34 (+11.1% from baseline),False,False,True
4,46,2019-01-06,61.42004381161008,55.27803943044907,11.11,6.14,Average Performer,$+6.14 (+11.1% from baseline),False,False,True
6,23,2019-01-06,22.246440306681272,20.021796276013145,11.11,2.22,Average Performer,$+2.22 (+11.1% from baseline),False,False,True
1,36,2019-01-06,69.30996714129245,62.3789704271632,11.11,6.93,Average Performer,$+6.93 (+11.1% from baseline),False,False,True
6,25,2019-01-06,61.36418400876232,55.22776560788609,11.11,6.14,Average Performer,$+6.14 (+11.1% from baseline),False,False,True
7,40,2019-01-06,20.39485213581599,18.355366922234392,11.11,2.04,Average Performer,$+2.04 (+11.1% from baseline),False,False,True
10,33,2019-01-06,78.36473165388828,70.52825848849946,11.11,7.84,Average Performer,$+7.84 (+11.1% from baseline),False,False,True
7,22,2019-01-06,56.02354874041621,50.42119386637459,11.11,5.6,Average Performer,$+5.60 (+11.1% from baseline),False,False,True
1,15,2019-01-06,79.68072289156626,71.71265060240964,11.11,7.97,Average Performer,$+7.97 (+11.1% from baseline),False,False,True
9,14,2019-01-06,61.45837897042716,55.312541073384445,11.11,6.15,Average Performer,$+6.15 (+11.1% from baseline),False,False,True
9,31,2019-01-06,61.604052573932094,55.443647316538886,11.11,6.16,Average Performer,$+6.16 (+11.1% from baseline),False,False,True
1,22,2019-01-06,72.78148959474261,65.50334063526834,11.11,7.28,Average Performer,$+7.28 (+11.1% from baseline),False,False,True
1,21,2019-01-06,36.1763417305586,32.558707557502736,11.11,3.62,Average Performer,$+3.62 (+11.1% from baseline),False,False,True
10,48,2019-01-06,57.814895947426066,52.033406352683464,11.11,5.78,Average Performer,$+5.78 (+11.1% from baseline),False,False,True
10,31,2019-01-06,65.94906900328587,59.35416210295728,11.11,6.59,Average Performer,$+6.59 (+11.1% from baseline),False,False,True
9,40,2019-01-06,30.697152245345016,27.627437020810515,11.11,3.07,Average Performer,$+3.07 (+11.1% from baseline),False,False,True
1,32,2019-01-06,39.83789704271632,35.85410733844469,11.11,3.98,Average Performer,$+3.98 (+11.1% from baseline),False,False,True
9,47,2019-01-06,23.00328587075575,20.702957283680174,11.11,2.3,Average Performer,$+2.30 (+11.1% from baseline),False,False,True
2,6,2019-01-06,74.94523548740416,67.45071193866374,11.11,7.49,Average Performer,$+7.49 (+11.1% from baseline),False,False,True
10,6,2019-01-06,65.61226725082146,59.05104052573932,11.11,6.56,Average Performer,$+6.56 (+11.1% from baseline),False,False,True
4,28,2019-01-06,92.552573932092,83.29731653888281,11.11,9.26,Average Performer,$+9.26 (+11.1% from baseline),False,False,True
8,20,2019-01-06,58.0460021905805,52.24140197152245,11.11,5.8,Average Performer,$+5.80 (+11.1% from baseline),False,False,True
9,34,2019-01-06,27.07393209200438,24.366538882803944,11.11,2.71,Average Performer,$+2.71 (+11.1% from baseline),False,False,True
8,2,2019-01-06,71.6566265060241,64.49096385542168,11.11,7.17,Average Performer,$+7.17 (+11.1% from baseline),False,False,True
4,34,2019-01-06,27.001095290251918,24.300985761226727,11.11,2.7,Average Performer,$+2.70 (+11.1% from baseline),False,False,True
3,14,2019-01-06,66.84118291347207,60.157064622124864,11.11,6.68,Average Performer,$+6.68 (+11.1% from baseline),False,False,True
10,33,2019-01-06,78.36473165388828,70.52825848849946,11.11,7.84,Average Performer,$+7.84 (+11.1% from baseline),False,False,True
3,48,2019-01-06,58.700985761226725,52.830887185104054,11.11,5.87,Average Performer,$+5.87 (+11.1% from baseline),False,False,True
6,50,2019-01-06,50.516429353778754,45.46478641840088,11.11,5.05,Average Performer,$+5.05 (+11.1% from baseline),False,False,True
1,47,2019-01-06,19.81434830230011,17.8329134720701,11.11,1.98,Average Performer,$+1.98 (+11.1% from baseline),False,False,True
10,39,2019-01-06,49.40087623220153,44.46078860898138,11.11,4.94,Average Performer,$+4.94 (+11.1% from baseline),False,False,True
8,10,2019-01-06,89.81818181818181,80.83636363636363,11.11,8.98,Average Performer,$+8.98 (+11.1% from baseline),False,False,True
4,14,2019-01-07,61.75684556407448,55.581161007667035,11.11,6.18,Average Performer,$+6.18 (+11.1% from baseline),False,False,True
7,19,2019-01-07,28.180175246440307,25.362157721796276,11.11,2.82,Average Performer,$+2.82 (+11.1% from baseline),False,False,True
1,28,2019-01-07,79.56681270536693,71.61013143483024,11.11,7.96,Average Performer,$+7.96 (+11.1% from baseline),False,False,True
7,38,2019-01-07,55.81982475355969,50.23784227820372,11.11,5.58,Average Performer,$+5.58 (+11.1% from baseline),False,False,True
8,43,2019-01-07,62.9802847754655,56.68225629791895,11.11,6.3,Average Performer,$+6.30 (+11.1% from baseline),False,False,True
3,7,2019-01-07,66.64786418400877,59.983077765607895,11.11,6.66,Average Performer,$+6.66 (+11.1% from baseline),False,False,True
6,22,2019-01-07,61.030668127053666,54.9276013143483,11.11,6.1,Average Performer,$+6.10 (+11.1% from baseline),False,False,True
3,30,2019-01-07,45.948521358159915,41.353669222343925,11.11,4.59,Average Performer,$+4.59 (+11.1% from baseline),False,False,True
2,43,2019-01-07,65.78532311062432,59.20679079956189,11.11,6.58,Average Performer,$+6.58 (+11.1% from baseline),False,False,True
4,47,2019-01-07,23.1144578313253,20.80301204819277,11.11,2.31,Average Performer,$+2.31 (+11.1% from baseline),False,False,True
5,18,2019-01-07,64.08050383351588,57.67245345016429,11.11,6.41,Average Performer,$+6.41 (+11.1% from baseline),False,False,True
7,32,2019-01-07,30.66867469879518,27.60180722891566,11.11,3.07,Average Performer,$+3.07 (+11.1% from baseline),False,False,True
1,18,2019-01-07,76.34556407447974,68.71100766703177,11.11,7.63,Average Performer,$+7.63 (+11.1% from baseline),False,False,True
6,25,2019-01-07,61.36418400876232,55.22776560788609,11.11,6.14,Average Performer,$+6.14 (+11.1% from baseline),False,False,True
4,44,2019-01-07,30.95235487404162,27.85711938663746,11.11,3.1,Average Performer,$+3.10 (+11.1% from baseline),False,False,True
10,39,2019-01-07,49.40087623220153,44.46078860898138,11.11,4.94,Average Performer,$+4.94 (+11.1% from baseline),False,False,True
8,29,2019-01-07,85.23165388828039,76.70848849945236,11.11,8.52,Average Performer,$+8.52 (+11.1% from baseline),False,False,True
9,44,2019-01-07,30.968236582694413,27.871412924424973,11.11,3.1,Average Performer,$+3.10 (+11.1% from baseline),False,False,True
2,8,2019-01-07,99.09036144578313,89.18132530120482,11.11,9.91,Average Performer,$+9.91 (+11.1% from baseline),False,False,True
4,26,2019-01-07,49.90197152245345,44.91177437020811,11.11,4.99,Average Performer,$+4.99 (+11.1% from baseline),False,False,True
7,49,2019-01-07,20.40635268346112,18.365717415115007,11.11,2.04,Average Performer,$+2.04 (+11.1% from baseline),False,False,True
7,15,2019-01-07,61.13910186199343,55.02519167579409,11.11,6.11,Average Performer,$+6.11 (+11.1% from baseline),False,False,True
7,49,2019-01-07,20.40635268346112,18.365717415115007,11.11,2.04,Average Performer,$+2.04 (+11.1% from baseline),False,False,True
3,24,2019-01-07,75.1538882803943,67.63849945235486,11.11,7.52,Average Performer,$+7.52 (+11.1% from baseline),False,False,True
7,48,2019-01-07,35.62431544359255,32.061883899233294,11.11,3.56,Average Performer,$+3.56 (+11.1% from baseline),False,False,True
3,24,2019-01-07,75.1538882803943,67.63849945235486,11.11,7.52,Average Performer,$+7.52 (+11.1% from baseline),False,False,True
3,28,2019-01-07,100.1434830230011,90.12913472070099,11.11,10.01,Average Performer,$+10.01 (+11.1% from baseline),False,False,True
1,42,2019-01-07,33.10569550930997,29.79512595837897,11.11,3.31,Average Performer,$+3.31 (+11.1% from baseline),False,False,True
2,12,2019-01-07,89.35049288061336,80.41544359255202,11.11,8.94,Average Performer,$+8.94 (+11.1% from baseline),False,False,True
10,49,2019-01-07,33.032311062431546,29.729079956188393,11.11,3.3,Average Performer,$+3.30 (+11.1% from baseline),False,False,True
2,40,2019-01-07,37.57064622124863,33.813581599123765,11.11,3.76,Average Performer,$+3.76 (+11.1% from baseline),False,False,True
7,28,2019-01-07,61.104052573932094,54.99364731653888,11.11,6.11,Average Performer,$+6.11 (+11.1% from baseline),False,False,True
5,43,2019-01-07,39.1631982475356,35.24687842278204,11.11,3.92,Average Performer,$+3.92 (+11.1% from baseline),False,False,True
4,24,2019-01-07,69.11938663745893,62.20744797371304,11.11,6.91,Average Performer,$+6.91 (+11.1% from baseline),False,False,True
2,35,2019-01-08,84.66265060240964,76.19638554216868,11.11,8.47,Average Performer,$+8.47 (+11.1% from baseline),False,False,True
7,4,2019-01-08,15.35815991237678,13.822343921139101,11.11,1.54,Average Performer,$+1.54 (+11.1% from baseline),False,False,True
2,42,2019-01-08,47.36801752464403,42.63121577217963,11.11,4.74,Average Performer,$+4.74 (+11.1% from baseline),False,False,True
8,8,2019-01-08,94.46111719605696,85.01500547645126,11.11,9.45,Average Performer,$+9.45 (+11.1% from baseline),False,False,True
1,2,2019-01-08,53.14895947426068,47.83406352683461,11.11,5.31,Average Performer,$+5.31 (+11.1% from baseline),False,False,True
5,25,2019-01-08,61.20043811610077,55.080394304490696,11.11,6.12,Average Performer,$+6.12 (+11.1% from baseline),False,False,True
5,17,2019-01-08,25.06736035049288,22.560624315443594,11.11,2.51,Average Performer,$+2.51 (+11.1% from baseline),False,False,True
4,44,2019-01-08,30.95235487404162,27.85711938663746,11.11,3.1,Average Performer,$+3.10 (+11.1% from baseline),False,False,True
7,22,2019-01-08,56.02354874041621,50.42119386637459,11.11,5.6,Average Performer,$+5.60 (+11.1% from baseline),False,False,True
3,49,2019-01-08,33.25958378970427,29.933625410733846,11.11,3.33,Average Performer,$+3.33 (+11.1% from baseline),False,False,True
5,25,2019-01-08,61.20043811610077,55.080394304490696,11.11,6.12,Average Performer,$+6.12 (+11.1% from baseline),False,False,True
8,38,2019-01-08,98.94797371303396,89.05317634173056,11.11,9.89,Average Performer,$+9.89 (+11.1% from baseline),False,False,True
7,31,2019-01-08,41.015334063526836,36.91380065717416,11.11,4.1,Average Performer,$+4.10 (+11.1% from baseline),False,False,True
4,31,2019-01-08,61.30887185104053,55.17798466593648,11.11,6.13,Average Performer,$+6.13 (+11.1% from baseline),False,False,True
10,3,2019-01-08,41.113362541073386,37.00202628696605,11.11,4.11,Average Performer,$+4.11 (+11.1% from baseline),False,False,True
6,27,2019-01-08,16.809419496166484,15.128477546549837,11.11,1.68,Average Performer,$+1.68 (+11.1% from baseline),False,False,True
3,8,2019-01-08,87.51752464403067,78.7657721796276,11.11,8.75,Average Performer,$+8.75 (+11.1% from baseline),False,False,True
6,37,2019-01-08,22.43209200438116,20.188882803943045,11.11,2.24,Average Performer,$+2.24 (+11.1% from baseline),False,False,True
8,41,2019-01-08,27.03614457831325,24.332530120481927,11.11,2.7,Average Performer,$+2.70 (+11.1% from baseline),False,False,True
3,45,2019-01-08,91.85104052573932,82.66593647316539,11.11,9.19,Average Performer,$+9.19 (+11.1% from baseline),False,False,True
5,30,2019-01-08,30.738773274917854,27.664895947426068,11.11,3.07,Average Performer,$+3.07 (+11.1% from baseline),False,False,True
10,40,2019-01-08,32.97809419496166,29.6802847754655,11.11,3.3,Average Performer,$+3.30 (+11.1% from baseline),False,False,True
8,26,2019-01-08,58.62212486308872,52.75991237677985,11.11,5.86,Average Performer,$+5.86 (+11.1% from baseline),False,False,True
4,49,2019-01-08,30.840635268346112,27.7565717415115,11.11,3.08,Average Performer,$+3.08 (+11.1% from baseline),False,False,True
4,44,2019-01-08,30.95235487404162,27.85711938663746,11.11,3.1,Average Performer,$+3.10 (+11.1% from baseline),False,False,True
3,15,2019-01-08,100.42332968236583,90.38099671412925,11.11,10.04,Average Performer,$+10.04 (+11.1% from baseline),False,False,True
8,9,2019-01-08,63.19331872946331,56.87398685651698,11.11,6.32,Average Performer,$+6.32 (+11.1% from baseline),False,False,True
6,30,2019-01-08,30.665936473165388,27.59934282584885,11.11,3.07,Average Performer,$+3.07 (+11.1% from baseline),False,False,True
3,43,2019-01-08,58.19769989047097,52.377929901423876,11.11,5.82,Average Performer,$+5.82 (+11.1% from baseline),False,False,True
2,7,2019-01-08,75.05859802847755,67.5527382256298,11.11,7.51,Average Performer,$+7.51 (+11.1% from baseline),False,False,True
4,42,2019-01-08,38.539978094194964,34.68598028477547,11.11,3.85,Average Performer,$+3.85 (+11.1% from baseline),False,False,True
9,16,2019-01-08,26.997809419496168,24.298028477546552,11.11,2.7,Average Performer,$+2.70 (+11.1% from baseline),False,False,True
7,31,2019-01-08,41.015334063526836,36.91380065717416,11.11,4.1,Average Performer,$+4.10 (+11.1% from baseline),False,False,True
4,37,2019-01-08,30.736582694414018,27.662924424972616,11.11,3.07,Average Performer,$+3.07 (+11.1% from baseline),False,False,True
2,3,2019-01-08,46.99233296823658,42.293099671412925,11.11,4.7,Average Performer,$+4.70 (+11.1% from baseline),False,False,True
8,43,2019-01-08,62.9802847754655,56.68225629791895,11.11,6.3,Average Performer,$+6.30 (+11.1% from baseline),False,False,True
9,17,2019-01-08,34.7486308871851,31.27376779846659,11.11,3.47,Average Performer,$+3.47 (+11.1% from baseline),False,False,True
2,5,2019-01-08,23.54052573932092,21.18647316538883,11.11,2.35,Average Performer,$+2.35 (+11.1% from baseline),False,False,True
3,23,2019-01-08,33.38992332968237,30.050930996714133,11.11,3.34,Average Performer,$+3.34 (+11.1% from baseline),False,False,True
7,5,2019-01-08,12.733844468784227,11.460460021905805,11.11,1.27,Average Performer,$+1.27 (+11.1% from baseline),False,False,True
4,41,2019-01-08,23.168127053669224,20.851314348302303,11.11,2.32,Average Performer,$+2.32 (+11.1% from baseline),False,False,True
2,25,2019-01-08,103.42606790799562,93.08346111719605,11.11,10.34,Average Performer,$+10.34 (+11.1% from baseline),False,False,True
9,50,2019-01-08,69.30832420591457,62.377491785323116,11.11,6.93,Average Performer,$+6.93 (+11.1% from baseline),False,False,True
10,4,2019-01-08,24.721248630887185,22.249123767798466,11.11,2.47,Average Performer,$+2.47 (+11.1% from baseline),False,False,True
5,49,2019-01-08,22.37185104052574,20.134665936473166,11.11,2.24,Average Performer,$+2.24 (+11.1% from baseline),False,False,True
1,1,2019-01-08,19.971522453450163,17.974370208105146,11.11,2.0,Average Performer,$+2.00 (+11.1% from baseline),False,False,True
2,37,2019-01-08,37.359255202628695,33.62332968236583,11.11,3.74,Average Performer,$+3.74 (+11.1% from baseline),False,False,True
8,2,2019-01-08,71.6566265060241,64.49096385542168,11.11,7.17,Average Performer,$+7.17 (+11.1% from baseline),False,False,True
9,46,2019-01-08,62.010952902519165,55.80985761226725,11.11,6.2,Average Performer,$+6.20 (+11.1% from baseline),False,False,True
4,50,2019-01-09,68.92168674698796,62.029518072289164,11.11,6.89,Average Performer,$+6.89 (+11.1% from baseline),False,False,True
1,5,2019-01-09,16.612814895947427,14.951533406352684,11.11,1.66,Average Performer,$+1.66 (+11.1% from baseline),False,False,True
5,37,2019-01-09,22.289156626506024,20.06024096385542,11.11,2.23,Average Performer,$+2.23 (+11.1% from baseline),False,False,True
2,28,2019-01-09,112.63800657174151,101.37420591456737,11.11,11.26,Average Performer,$+11.26 (+11.1% from baseline),False,False,True
4,25,2019-01-09,85.02245345016429,76.52020810514786,11.11,8.5,Average Performer,$+8.50 (+11.1% from baseline),False,False,True
1,40,2019-01-09,26.44359255202629,23.79923329682366,11.11,2.64,Average Performer,$+2.64 (+11.1% from baseline),False,False,True
10,3,2019-01-09,41.113362541073386,37.00202628696605,11.11,4.11,Average Performer,$+4.11 (+11.1% from baseline),False,False,True
10,20,2019-01-09,53.23986856516977,47.9158817086528,11.11,5.32,Average Performer,$+5.32 (+11.1% from baseline),False,False,True
6,22,2019-01-09,61.030668127053666,54.9276013143483,11.11,6.1,Average Performer,$+6.10 (+11.1% from baseline),False,False,True
7,36,2019-01-09,53.555312157721794,48.19978094194961,11.11,5.36,Average Performer,$+5.36 (+11.1% from baseline),False,False,True
3,20,2019-01-09,54.24370208105148,48.819331872946336,11.11,5.42,Average Performer,$+5.42 (+11.1% from baseline),False,False,True
7,25,2019-01-09,56.3986856516977,50.75881708652793,11.11,5.64,Average Performer,$+5.64 (+11.1% from baseline),False,False,True
5,50,2019-01-09,50.31927710843374,45.28734939759037,11.11,5.03,Average Performer,$+5.03 (+11.1% from baseline),False,False,True
3,49,2019-01-09,33.25958378970427,29.933625410733846,11.11,3.33,Average Performer,$+3.33 (+11.1% from baseline),False,False,True
10,5,2019-01-09,20.637458926615555,18.573713033954,11.11,2.06,Average Performer,$+2.06 (+11.1% from baseline),False,False,True
10,10,2019-01-09,82.23220153340635,74.00898138006572,11.11,8.22,Average Performer,$+8.22 (+11.1% from baseline),False,False,True
7,47,2019-01-09,15.479189485213581,13.931270536692223,11.11,1.55,Average Performer,$+1.55 (+11.1% from baseline),False,False,True
4,2,2019-01-09,61.715224534501644,55.54370208105148,11.11,6.17,Average Performer,$+6.17 (+11.1% from baseline),False,False,True
2,13,2019-01-09,107.90306681270536,97.11276013143483,11.11,10.79,Average Performer,$+10.79 (+11.1% from baseline),False,False,True
5,22,2019-01-09,61.38828039430449,55.24945235487404,11.11,6.14,Average Performer,$+6.14 (+11.1% from baseline),False,False,True
7,4,2019-01-09,15.35815991237678,13.822343921139101,11.11,1.54,Average Performer,$+1.54 (+11.1% from baseline),False,False,True
4,15,2019-01-09,92.6538882803943,83.38849945235486,11.11,9.27,Average Performer,$+9.27 (+11.1% from baseline),False,False,True
2,44,2019-01-09,37.785870755750274,34.00728368017525,11.11,3.78,Average Performer,$+3.78 (+11.1% from baseline),False,False,True
4,49,2019-01-09,30.840635268346112,27.7565717415115,11.11,3.08,Average Performer,$+3.08 (+11.1% from baseline),False,False,True
6,11,2019-01-09,53.031763417305584,47.72858707557503,11.11,5.3,Average Performer,$+5.30 (+11.1% from baseline),False,False,True
8,32,2019-01-09,54.00492880613363,48.604435925520264,11.11,5.4,Average Performer,$+5.40 (+11.1% from baseline),False,False,True
9,47,2019-01-09,23.00328587075575,20.702957283680174,11.11,2.3,Average Performer,$+2.30 (+11.1% from baseline),False,False,True
5,33,2019-01-09,53.15717415115005,47.84145673603505,11.11,5.32,Average Performer,$+5.32 (+11.1% from baseline),False,False,True
6,42,2019-01-09,27.893209200438115,25.103888280394305,11.11,2.79,Average Performer,$+2.79 (+11.1% from baseline),False,False,True
1,22,2019-01-09,72.78148959474261,65.50334063526834,11.11,7.28,Average Performer,$+7.28 (+11.1% from baseline),False,False,True
9,36,2019-01-09,81.44797371303396,73.30317634173056,11.11,8.14,Average Performer,$+8.14 (+11.1% from baseline),False,False,True
9,28,2019-01-09,92.78751369112815,83.50876232201534,11.11,9.28,Average Performer,$+9.28 (+11.1% from baseline),False,False,True
8,36,2019-01-09,94.3658269441402,84.92924424972618,11.11,9.44,Average Performer,$+9.44 (+11.1% from baseline),False,False,True
7,1,2019-01-09,15.159364731653888,13.6434282584885,11.11,1.52,Average Performer,$+1.52 (+11.1% from baseline),False,False,True
8,16,2019-01-09,31.50985761226725,28.358871851040526,11.11,3.15,Average Performer,$+3.15 (+11.1% from baseline),False,False,True
6,12,2019-01-09,52.872398685651696,47.58515881708653,11.11,5.29,Average Performer,$+5.29 (+11.1% from baseline),False,False,True
4,25,2019-01-09,85.02245345016429,76.52020810514786,11.11,8.5,Average Performer,$+8.50 (+11.1% from baseline),False,False,True
5,38,2019-01-09,61.34830230010953,55.213472070098575,11.11,6.13,Average Performer,$+6.13 (+11.1% from baseline),False,False,True
4,50,2019-01-09,68.92168674698796,62.029518072289164,11.11,6.89,Average Performer,$+6.89 (+11.1% from baseline),False,False,True
8,31,2019-01-09,71.97754654983571,64.77979189485214,11.11,7.2,Average Performer,$+7.20 (+11.1% from baseline),False,False,True
8,14,2019-01-09,71.60295728368017,64.44266155531216,11.11,7.16,Average Performer,$+7.16 (+11.1% from baseline),False,False,True
5,9,2019-01-09,38.83734939759036,34.95361445783132,11.11,3.88,Average Performer,$+3.88 (+11.1% from baseline),False,False,True
5,18,2019-01-09,64.08050383351588,57.67245345016429,11.11,6.41,Average Performer,$+6.41 (+11.1% from baseline),False,False,True
3,46,2019-01-09,66.74808324205915,60.07327491785324,11.11,6.67,Average Performer,$+6.67 (+11.1% from baseline),False,False,True
2,6,2019-01-09,74.94523548740416,67.45071193866374,11.11,7.49,Average Performer,$+7.49 (+11.1% from baseline),False,False,True
3,35,2019-01-10,74.62322015334064,67.16089813800657,11.11,7.46,Average Performer,$+7.46 (+11.1% from baseline),False,False,True
2,11,2019-01-10,89.30996714129245,80.37897042716321,11.11,8.93,Average Performer,$+8.93 (+11.1% from baseline),False,False,True
1,21,2019-01-10,36.1763417305586,32.558707557502736,11.11,3.62,Average Performer,$+3.62 (+11.1% from baseline),False,False,True
5,32,2019-01-10,33.25739320920044,29.931653888280394,11.11,3.33,Average Performer,$+3.33 (+11.1% from baseline),False,False,True
2,20,2019-01-10,60.97809419496166,54.8802847754655,11.11,6.1,Average Performer,$+6.10 (+11.1% from baseline),False,False,True
5,27,2019-01-10,16.763417305585982,15.087075575027384,11.11,1.68,Average Performer,$+1.68 (+11.1% from baseline),False,False,True
2,31,2019-01-10,75.27656078860898,67.74890470974807,11.11,7.53,Average Performer,$+7.53 (+11.1% from baseline),False,False,True
8,26,2019-01-10,58.62212486308872,52.75991237677985,11.11,5.86,Average Performer,$+5.86 (+11.1% from baseline),False,False,True
3,8,2019-01-10,87.51752464403067,78.7657721796276,11.11,8.75,Average Performer,$+8.75 (+11.1% from baseline),False,False,True
9,28,2019-01-10,92.78751369112815,83.50876232201534,11.11,9.28,Average Performer,$+9.28 (+11.1% from baseline),False,False,True
1,5,2019-01-10,16.612814895947427,14.951533406352684,11.11,1.66,Average Performer,$+1.66 (+11.1% from baseline),False,False,True
5,4,2019-01-10,16.776560788608982,15.098904709748085,11.11,1.68,Average Performer,$+1.68 (+11.1% from baseline),False,False,True
1,3,2019-01-10,33.20810514786418,29.887294633077765,11.11,3.32,Average Performer,$+3.32 (+11.1% from baseline),False,False,True
7,20,2019-01-10,33.2513691128149,29.92623220153341,11.11,3.33,Average Performer,$+3.33 (+11.1% from baseline),False,False,True
6,19,2019-01-10,30.484118291347208,27.435706462212487,11.11,3.05,Average Performer,$+3.05 (+11.1% from baseline),False,False,True
4,9,2019-01-10,54.04381161007667,48.63943044906901,11.11,5.4,Average Performer,$+5.40 (+11.1% from baseline),False,False,True
9,49,2019-01-10,31.052573932092006,27.947316538882806,11.11,3.11,Average Performer,$+3.11 (+11.1% from baseline),False,False,True
9,45,2019-01-10,85.09364731653888,76.58428258488499,11.11,8.51,Average Performer,$+8.51 (+11.1% from baseline),False,False,True
10,46,2019-01-10,66.04654983570646,59.44189485213581,11.11,6.6,Average Performer,$+6.60 (+11.1% from baseline),False,False,True
7,18,2019-01-10,58.74589266155531,52.87130339539978,11.11,5.87,Average Performer,$+5.87 (+11.1% from baseline),False,False,True
7,37,2019-01-10,20.249726177437022,18.22475355969332,11.11,2.02,Average Performer,$+2.02 (+11.1% from baseline),False,False,True
2,49,2019-01-10,37.71193866374589,33.9407447973713,11.11,3.77,Average Performer,$+3.77 (+11.1% from baseline),False,False,True
6,10,2019-01-10,55.56516976998905,50.00865279299014,11.11,5.56,Average Performer,$+5.56 (+11.1% from baseline),False,False,True
7,20,2019-01-10,33.2513691128149,29.92623220153341,11.11,3.33,Average Performer,$+3.33 (+11.1% from baseline),False,False,True
5,31,2019-01-10,44.698247535596934,40.22842278203724,11.11,4.47,Average Performer,$+4.47 (+11.1% from baseline),False,False,True
3,35,2019-01-10,74.62322015334064,67.16089813800657,11.11,7.46,Average Performer,$+7.46 (+11.1% from baseline),False,False,True
10,46,2019-01-10,66.04654983570646,59.44189485213581,11.11,6.6,Average Performer,$+6.60 (+11.1% from baseline),False,False,True
4,1,2019-01-10,22.93866374589266,20.644797371303397,11.11,2.29,Average Performer,$+2.29 (+11.1% from baseline),False,False,True
8,14,2019-01-10,71.60295728368017,64.44266155531216,11.11,7.16,Average Performer,$+7.16 (+11.1% from baseline),False,False,True
6,31,2019-01-10,44.63088718510405,40.167798466593645,11.11,4.46,Average Performer,$+4.46 (+11.1% from baseline),False,False,True
1,12,2019-01-10,63.23384446878423,56.910460021905806,11.11,6.32,Average Performer,$+6.32 (+11.1% from baseline),False,False,True
5,14,2019-01-10,44.91237677984666,40.421139101861996,11.11,4.49,Average Performer,$+4.49 (+11.1% from baseline),False,False,True
10,27,2019-01-10,24.701533406352684,22.231380065717417,11.11,2.47,Average Performer,$+2.47 (+11.1% from baseline),False,False,True
3,8,2019-01-10,87.51752464403067,78.7657721796276,11.11,8.75,Average Performer,$+8.75 (+11.1% from baseline),False,False,True
10,26,2019-01-10,53.71741511500548,48.345673603504935,11.11,5.37,Average Performer,$+5.37 (+11.1% from baseline),False,False,True
1,3,2019-01-10,33.20810514786418,29.887294633077765,11.11,3.32,Average Performer,$+3.32 (+11.1% from baseline),False,False,True
3,17,2019-01-10,37.75301204819277,33.977710843373494,11.11,3.78,Average Performer,$+3.78 (+11.1% from baseline),False,False,True
9,21,2019-01-11,42.575027382256295,38.31752464403067,11.11,4.26,Average Performer,$+4.26 (+11.1% from baseline),False,False,True
4,34,2019-01-11,27.001095290251918,24.300985761226727,11.11,2.7,Average Performer,$+2.70 (+11.1% from baseline),False,False,True
9,36,2019-01-11,81.44797371303396,73.30317634173056,11.11,8.14,Average Performer,$+8.14 (+11.1% from baseline),False,False,True
4,6,2019-01-11,61.27053669222344,55.143483023001096,11.11,6.13,Average Performer,$+6.13 (+11.1% from baseline),False,False,True
9,46,2019-01-11,62.010952902519165,55.80985761226725,11.11,6.2,Average Performer,$+6.20 (+11.1% from baseline),False,False,True
7,44,2019-01-11,20.44633077765608,18.401697699890473,11.11,2.04,Average Performer,$+2.04 (+11.1% from baseline),False,False,True
10,19,2019-01-11,45.36473165388828,40.82825848849945,11.11,4.54,Average Performer,$+4.54 (+11.1% from baseline),False,False,True
5,27,2019-01-11,16.763417305585982,15.087075575027384,11.11,1.68,Average Performer,$+1.68 (+11.1% from baseline),False,False,True
1,22,2019-01-11,72.78148959474261,65.50334063526834,11.11,7.28,Average Performer,$+7.28 (+11.1% from baseline),False,False,True
6,36,2019-01-11,58.86199342825849,52.97579408543264,11.11,5.89,Average Performer,$+5.89 (+11.1% from baseline),False,False,True
10,48,2019-01-11,57.814895947426066,52.033406352683464,11.11,5.78,Average Performer,$+5.78 (+11.1% from baseline),False,False,True
10,35,2019-01-11,73.6434830230011,66.279134720701,11.11,7.36,Average Performer,$+7.36 (+11.1% from baseline),False,False,True
8,9,2019-01-11,63.19331872946331,56.87398685651698,11.11,6.32,Average Performer,$+6.32 (+11.1% from baseline),False,False,True
10,40,2019-01-11,32.97809419496166,29.6802847754655,11.11,3.3,Average Performer,$+3.30 (+11.1% from baseline),False,False,True
9,17,2019-01-11,34.7486308871851,31.27376779846659,11.11,3.47,Average Performer,$+3.47 (+11.1% from baseline),False,False,True
3,28,2019-01-11,100.1434830230011,90.12913472070099,11.11,10.01,Average Performer,$+10.01 (+11.1% from baseline),False,False,True
6,4,2019-01-11,16.754107338444687,15.078696604600218,11.11,1.68,Average Performer,$+1.68 (+11.1% from baseline),False,False,True
1,15,2019-01-11,79.68072289156626,71.71265060240964,11.11,7.97,Average Performer,$+7.97 (+11.1% from baseline),False,False,True
9,8,2019-01-11,81.28751369112815,73.15876232201533,11.11,8.13,Average Performer,$+8.13 (+11.1% from baseline),False,False,True
5,22,2019-01-11,61.38828039430449,55.24945235487404,11.11,6.14,Average Performer,$+6.14 (+11.1% from baseline),False,False,True
6,11,2019-01-11,53.031763417305584,47.72858707557503,11.11,5.3,Average Performer,$+5.30 (+11.1% from baseline),False,False,True
8,9,2019-01-11,63.19331872946331,56.87398685651698,11.11,6.32,Average Performer,$+6.32 (+11.1% from baseline),False,False,True
9,37,2019-01-11,30.84830230010953,27.76347207009858,11.11,3.08,Average Performer,$+3.08 (+11.1% from baseline),False,False,True
8,1,2019-01-11,26.98357064622125,24.285213581599123,11.11,2.7,Average Performer,$+2.70 (+11.1% from baseline),False,False,True
3,25,2019-01-11,91.8395399780942,82.65558598028478,11.11,9.18,Average Performer,$+9.18 (+11.1% from baseline),False,False,True
1,9,2019-01-11,46.50492880613363,41.854435925520264,11.11,4.65,Average Performer,$+4.65 (+11.1% from baseline),False,False,True
10,41,2019-01-11,24.65498357064622,22.189485213581598,11.11,2.47,Average Performer,$+2.47 (+11.1% from baseline),False,False,True
5,25,2019-01-11,61.20043811610077,55.080394304490696,11.11,6.12,Average Performer,$+6.12 (+11.1% from baseline),False,False,True
1,13,2019-01-11,76.1593647316539,68.5434282584885,11.11,7.62,Average Performer,$+7.62 (+11.1% from baseline),False,False,True
10,41,2019-01-11,24.65498357064622,22.189485213581598,11.11,2.47,Average Performer,$+2.47 (+11.1% from baseline),False,False,True
9,49,2019-01-11,31.052573932092006,27.947316538882806,11.11,3.11,Average Performer,$+3.11 (+11.1% from baseline),False,False,True
6,21,2019-01-11,30.82420591456736,27.741785323110626,11.11,3.08,Average Performer,$+3.08 (+11.1% from baseline),False,False,True
8,44,2019-01-11,36.194414019715225,32.574972617743704,11.11,3.62,Average Performer,$+3.62 (+11.1% from baseline),False,False,True
1,13,2019-01-11,76.1593647316539,68.5434282584885,11.11,7.62,Average Performer,$+7.62 (+11.1% from baseline),False,False,True
6,10,2019-01-11,55.56516976998905,50.00865279299014,11.11,5.56,Average Performer,$+5.56 (+11.1% from baseline),False,False,True
3,31,2019-01-11,66.97426067907996,60.276834611171964,11.11,6.7,Average Performer,$+6.70 (+11.1% from baseline),False,False,True
5,4,2019-01-12,16.776560788608982,15.098904709748085,11.11,1.68,Average Performer,$+1.68 (+11.1% from baseline),False,False,True
5,14,2019-01-12,44.91237677984666,40.421139101861996,11.11,4.49,Average Performer,$+4.49 (+11.1% from baseline),False,False,True
3,40,2019-01-12,33.56900328587076,30.212102957283683,11.11,3.36,Average Performer,$+3.36 (+11.1% from baseline),False,False,True
9,2,2019-01-12,61.792442497261774,55.6131982475356,11.11,6.18,Average Performer,$+6.18 (+11.1% from baseline),False,False,True
4,21,2019-01-12,42.29463307776561,38.06516976998905,11.11,4.23,Average Performer,$+4.23 (+11.1% from baseline),False,False,True
3,20,2019-01-12,54.24370208105148,48.819331872946336,11.11,5.42,Average Performer,$+5.42 (+11.1% from baseline),False,False,True
6,30,2019-01-12,30.665936473165388,27.59934282584885,11.11,3.07,Average Performer,$+3.07 (+11.1% from baseline),False,False,True
9,36,2019-01-12,81.44797371303396,73.30317634173056,11.11,8.14,Average Performer,$+8.14 (+11.1% from baseline),False,False,True
2,16,2019-01-12,32.95016429353779,29.65514786418401,11.11,3.3,Average Performer,$+3.30 (+11.1% from baseline),False,False,True
5,9,2019-01-12,38.83734939759036,34.95361445783132,11.11,3.88,Average Performer,$+3.88 (+11.1% from baseline),False,False,True
2,35,2019-01-12,84.66265060240964,76.19638554216868,11.11,8.47,Average Performer,$+8.47 (+11.1% from baseline),False,False,True
2,28,2019-01-12,112.63800657174151,101.37420591456737,11.11,11.26,Average Performer,$+11.26 (+11.1% from baseline),False,False,True
5,9,2019-01-12,38.83734939759036,34.95361445783132,11.11,3.88,Average Performer,$+3.88 (+11.1% from baseline),False,False,True
8,31,2019-01-12,71.97754654983571,64.77979189485214,11.11,7.2,Average Performer,$+7.20 (+11.1% from baseline),False,False,True
7,46,2019-01-12,40.82858707557503,36.74572836801753,11.11,4.08,Average Performer,$+4.08 (+11.1% from baseline),False,False,True
6,48,2019-01-12,39.052573932092,35.147316538882805,11.11,3.91,Average Performer,$+3.91 (+11.1% from baseline),False,False,True
7,38,2019-01-12,55.81982475355969,50.23784227820372,11.11,5.58,Average Performer,$+5.58 (+11.1% from baseline),False,False,True
4,11,2019-01-12,73.40087623220154,66.06078860898138,11.11,7.34,Average Performer,$+7.34 (+11.1% from baseline),False,False,True
1,7,2019-01-12,52.78368017524644,47.5053121577218,11.11,5.28,Average Performer,$+5.28 (+11.1% from baseline),False,False,True
9,43,2019-01-12,54.15279299014239,48.73751369112815,11.11,5.42,Average Performer,$+5.42 (+11.1% from baseline),False,False,True
5,11,2019-01-12,52.9802847754655,47.68225629791895,11.11,5.3,Average Performer,$+5.30 (+11.1% from baseline),False,False,True
4,47,2019-01-12,23.1144578313253,20.80301204819277,11.11,2.31,Average Performer,$+2.31 (+11.1% from baseline),False,False,True
8,13,2019-01-12,103.81982475355969,93.43784227820372,11.11,10.38,Average Performer,$+10.38 (+11.1% from baseline),False,False,True
7,37,2019-01-12,20.249726177437022,18.22475355969332,11.11,2.02,Average Performer,$+2.02 (+11.1% from baseline),False,False,True
2,20,2019-01-12,60.97809419496166,54.8802847754655,11.11,6.1,Average Performer,$+6.10 (+11.1% from baseline),False,False,True
8,42,2019-01-12,45.14403066812705,40.62962760131435,11.11,4.51,Average Performer,$+4.51 (+11.1% from baseline),False,False,True
10,14,2019-01-12,66.10021905805039,59.49019715224535,11.11,6.61,Average Performer,$+6.61 (+11.1% from baseline),False,False,True
6,18,2019-01-12,63.72562979189485,57.35306681270537,11.11,6.37,Average Performer,$+6.37 (+11.1% from baseline),False,False,True
2,15,2019-01-12,112.578860898138,101.32097480832421,11.11,11.26,Average Performer,$+11.26 (+11.1% from baseline),False,False,True
5,29,2019-01-12,52.775465498357065,47.49791894852136,11.11,5.28,Average Performer,$+5.28 (+11.1% from baseline),False,False,True
10,36,2019-01-12,86.62650602409639,77.96385542168674,11.11,8.66,Average Performer,$+8.66 (+11.1% from baseline),False,False,True
2,38,2019-01-12,103.24917853231106,92.92426067907996,11.11,10.32,Average Performer,$+10.32 (+11.1% from baseline),False,False,True
1,21,2019-01-12,36.1763417305586,32.558707557502736,11.11,3.62,Average Performer,$+3.62 (+11.1% from baseline),False,False,True
3,38,2019-01-12,91.87185104052574,82.68466593647317,11.11,9.19,Average Performer,$+9.19 (+11.1% from baseline),False,False,True
7,41,2019-01-12,15.471522453450165,13.924370208105149,11.11,1.55,Average Performer,$+1.55 (+11.1% from baseline),False,False,True
7,14,2019-01-12,41.02245345016429,36.920208105147864,11.11,4.1,Average Performer,$+4.10 (+11.1% from baseline),False,False,True
2,43,2019-01-12,65.78532311062432,59.20679079956189,11.11,6.58,Average Performer,$+6.58 (+11.1% from baseline),False,False,True
9,12,2019-01-12,73.4052573932092,66.06473165388827,11.11,7.34,Average Performer,$+7.34 (+11.1% from baseline),False,False,True
7,4,2019-01-12,15.35815991237678,13.822343921139101,11.11,1.54,Average Performer,$+1.54 (+11.1% from baseline),False,False,True
4,5,2019-01-12,19.525191675794087,17.57267250821468,11.11,1.95,Average Performer,$+1.95 (+11.1% from baseline),False,False,True
6,45,2019-01-13,61.14293537787513,55.02864184008762,11.11,6.11,Average Performer,$+6.11 (+11.1% from baseline),False,False,True
9,13,2019-01-13,88.51150054764513,79.66035049288061,11.11,8.85,Average Performer,$+8.85 (+11.1% from baseline),False,False,True
7,21,2019-01-13,28.210843373493976,25.38975903614458,11.11,2.82,Average Performer,$+2.82 (+11.1% from baseline),False,False,True
3,16,2019-01-13,29.142935377875137,26.228641840087622,11.11,2.91,Average Performer,$+2.91 (+11.1% from baseline),False,False,True
9,36,2019-01-13,81.44797371303396,73.30317634173056,11.11,8.14,Average Performer,$+8.14 (+11.1% from baseline),False,False,True
6,11,2019-01-13,53.031763417305584,47.72858707557503,11.11,5.3,Average Performer,$+5.30 (+11.1% from baseline),False,False,True
4,34,2019-01-13,27.001095290251918,24.300985761226727,11.11,2.7,Average Performer,$+2.70 (+11.1% from baseline),False,False,True
1,17,2019-01-13,29.972070098576122,26.97486308871851,11.11,3.0,Average Performer,$+3.00 (+11.1% from baseline),False,False,True
4,24,2019-01-13,69.11938663745893,62.20744797371304,11.11,6.91,Average Performer,$+6.91 (+11.1% from baseline),False,False,True
3,49,2019-01-13,33.25958378970427,29.933625410733846,11.11,3.33,Average Performer,$+3.33 (+11.1% from baseline),False,False,True
10,34,2019-01-13,28.806133625410734,25.92552026286966,11.11,2.88,Average Performer,$+2.88 (+11.1% from baseline),False,False,True
1,34,2019-01-13,23.274917853231106,20.947426067907994,11.11,2.33,Average Performer,$+2.33 (+11.1% from baseline),False,False,True
9,44,2019-01-13,30.968236582694413,27.871412924424973,11.11,3.1,Average Performer,$+3.10 (+11.1% from baseline),False,False,True
1,18,2019-01-13,76.34556407447974,68.71100766703177,11.11,7.63,Average Performer,$+7.63 (+11.1% from baseline),False,False,True
7,5,2019-01-13,12.733844468784227,11.460460021905805,11.11,1.27,Average Performer,$+1.27 (+11.1% from baseline),False,False,True
4,24,2019-01-13,69.11938663745893,62.20744797371304,11.11,6.91,Average Performer,$+6.91 (+11.1% from baseline),False,False,True
4,44,2019-01-13,30.95235487404162,27.85711938663746,11.11,3.1,Average Performer,$+3.10 (+11.1% from baseline),False,False,True
7,24,2019-01-13,45.7447973713034,41.17031763417306,11.11,4.57,Average Performer,$+4.57 (+11.1% from baseline),False,False,True
5,9,2019-01-13,38.83734939759036,34.95361445783132,11.11,3.88,Average Performer,$+3.88 (+11.1% from baseline),False,False,True
6,43,2019-01-13,39.034501642935375,35.13105147864184,11.11,3.9,Average Performer,$+3.90 (+11.1% from baseline),False,False,True
5,42,2019-01-13,27.730558598028477,24.957502738225628,11.11,2.77,Average Performer,$+2.77 (+11.1% from baseline),False,False,True
1,41,2019-01-13,20.00273822562979,18.002464403066814,11.11,2.0,Average Performer,$+2.00 (+11.1% from baseline),False,False,True
6,3,2019-01-13,27.81106243154436,25.029956188389924,11.11,2.78,Average Performer,$+2.78 (+11.1% from baseline),False,False,True
2,7,2019-01-13,75.05859802847755,67.5527382256298,11.11,7.51,Average Performer,$+7.51 (+11.1% from baseline),False,False,True
3,39,2019-01-13,50.17305585980285,45.15575027382257,11.11,5.02,Average Performer,$+5.02 (+11.1% from baseline),False,False,True
7,47,2019-01-13,15.479189485213581,13.931270536692223,11.11,1.55,Average Performer,$+1.55 (+11.1% from baseline),False,False,True
3,22,2019-01-13,91.84556407447974,82.66100766703177,11.11,9.18,Average Performer,$+9.18 (+11.1% from baseline),False,False,True
7,35,2019-01-13,46.04874041621029,41.44386637458926,11.11,4.6,Average Performer,$+4.60 (+11.1% from baseline),False,False,True
9,48,2019-01-13,53.976998904709745,48.57929901423877,11.11,5.4,Average Performer,$+5.40 (+11.1% from baseline),False,False,True
9,35,2019-01-13,69.57667031763417,62.619003285870754,11.11,6.96,Average Performer,$+6.96 (+11.1% from baseline),False,False,True
3,42,2019-01-13,41.7973713033954,37.61763417305586,11.11,4.18,Average Performer,$+4.18 (+11.1% from baseline),False,False,True
5,8,2019-01-13,58.565717415115,52.7091456736035,11.11,5.86,Average Performer,$+5.86 (+11.1% from baseline),False,False,True
7,36,2019-01-13,53.555312157721794,48.19978094194961,11.11,5.36,Average Performer,$+5.36 (+11.1% from baseline),False,False,True
7,31,2019-01-13,41.015334063526836,36.91380065717416,11.11,4.1,Average Performer,$+4.10 (+11.1% from baseline),False,False,True
10,43,2019-01-13,57.94249726177437,52.14824753559694,11.11,5.79,Average Performer,$+5.79 (+11.1% from baseline),False,False,True
9,48,2019-01-13,53.976998904709745,48.57929901423877,11.11,5.4,Average Performer,$+5.40 (+11.1% from baseline),False,False,True
4,4,2019-01-13,23.086527929901425,20.777875136911284,11.11,2.31,Average Performer,$+2.31 (+11.1% from baseline),False,False,True
7,27,2019-01-13,15.213581599123767,13.692223439211391,11.11,1.52,Average Performer,$+1.52 (+11.1% from baseline),False,False,True
3,49,2019-01-14,33.25958378970427,29.933625410733846,11.11,3.33,Average Performer,$+3.33 (+11.1% from baseline),False,False,True
8,3,2019-01-14,45.07612267250821,40.56851040525739,11.11,4.51,Average Performer,$+4.51 (+11.1% from baseline),False,False,True
7,10,2019-01-14,51.1566265060241,46.04096385542169,11.11,5.12,Average Performer,$+5.12 (+11.1% from baseline),False,False,True
8,43,2019-01-14,62.9802847754655,56.68225629791895,11.11,6.3,Average Performer,$+6.30 (+11.1% from baseline),False,False,True
7,45,2019-01-14,55.90580503833516,50.315224534501645,11.11,5.59,Average Performer,$+5.59 (+11.1% from baseline),False,False,True
6,33,2019-01-14,52.67250821467689,47.4052573932092,11.11,5.27,Average Performer,$+5.27 (+11.1% from baseline),False,False,True
10,34,2019-01-14,28.806133625410734,25.92552026286966,11.11,2.88,Average Performer,$+2.88 (+11.1% from baseline),False,False,True
10,9,2019-01-14,57.886637458926614,52.09797371303395,11.11,5.79,Average Performer,$+5.79 (+11.1% from baseline),False,False,True
6,1,2019-01-14,16.717962760131435,15.046166484118292,11.11,1.67,Average Performer,$+1.67 (+11.1% from baseline),False,False,True
1,42,2019-01-14,33.10569550930997,29.79512595837897,11.11,3.31,Average Performer,$+3.31 (+11.1% from baseline),False,False,True
6,35,2019-01-14,49.97152245345016,44.97437020810515,11.11,5.0,Average Performer,$+5.00 (+11.1% from baseline),False,False,True
8,6,2019-01-14,71.95837897042716,64.76254107338445,11.11,7.2,Average Performer,$+7.20 (+11.1% from baseline),False,False,True
1,28,2019-01-14,79.56681270536693,71.61013143483024,11.11,7.96,Average Performer,$+7.96 (+11.1% from baseline),False,False,True
3,23,2019-01-14,33.38992332968237,30.050930996714133,11.11,3.34,Average Performer,$+3.34 (+11.1% from baseline),False,False,True
4,32,2019-01-14,46.06297918948521,41.45668127053669,11.11,4.61,Average Performer,$+4.61 (+11.1% from baseline),False,False,True
8,3,2019-01-14,45.07612267250821,40.56851040525739,11.11,4.51,Average Performer,$+4.51 (+11.1% from baseline),False,False,True
8,32,2019-01-14,54.00492880613363,48.604435925520264,11.11,5.4,Average Performer,$+5.40 (+11.1% from baseline),False,False,True
9,8,2019-01-14,81.28751369112815,73.15876232201533,11.11,8.13,Average Performer,$+8.13 (+11.1% from baseline),False,False,True
7,3,2019-01-14,25.53121577217963,22.978094194961667,11.11,2.55,Average Performer,$+2.55 (+11.1% from baseline),False,False,True
3,35,2019-01-14,74.62322015334064,67.16089813800657,11.11,7.46,Average Performer,$+7.46 (+11.1% from baseline),False,False,True
4,5,2019-01-14,19.525191675794087,17.57267250821468,11.11,1.95,Average Performer,$+1.95 (+11.1% from baseline),False,False,True
9,11,2019-01-14,73.16867469879519,65.85180722891567,11.11,7.32,Average Performer,$+7.32 (+11.1% from baseline),False,False,True
4,48,2019-01-14,53.76560788608981,48.389047097480834,11.11,5.38,Average Performer,$+5.38 (+11.1% from baseline),False,False,True
3,8,2019-01-14,87.51752464403067,78.7657721796276,11.11,8.75,Average Performer,$+8.75 (+11.1% from baseline),False,False,True
4,24,2019-01-14,69.11938663745893,62.20744797371304,11.11,6.91,Average Performer,$+6.91 (+11.1% from baseline),False,False,True
4,21,2019-01-14,42.29463307776561,38.06516976998905,11.11,4.23,Average Performer,$+4.23 (+11.1% from baseline),False,False,True
4,47,2019-01-14,23.1144578313253,20.80301204819277,11.11,2.31,Average Performer,$+2.31 (+11.1% from baseline),False,False,True
3,39,2019-01-14,50.17305585980285,45.15575027382257,11.11,5.02,Average Performer,$+5.02 (+11.1% from baseline),False,False,True
1,29,2019-01-14,63.08652792990142,56.777875136911284,11.11,6.31,Average Performer,$+6.31 (+11.1% from baseline),False,False,True
5,34,2019-01-14,19.64841182913472,17.68357064622125,11.11,1.96,Average Performer,$+1.96 (+11.1% from baseline),False,False,True
7,25,2019-01-14,56.3986856516977,50.75881708652793,11.11,5.64,Average Performer,$+5.64 (+11.1% from baseline),False,False,True
2,7,2019-01-14,75.05859802847755,67.5527382256298,11.11,7.51,Average Performer,$+7.51 (+11.1% from baseline),False,False,True
6,50,2019-01-14,50.516429353778754,45.46478641840088,11.11,5.05,Average Performer,$+5.05 (+11.1% from baseline),False,False,True
3,3,2019-01-14,41.7710843373494,37.593975903614464,11.11,4.18,Average Performer,$+4.18 (+11.1% from baseline),False,False,True
4,21,2019-01-14,42.29463307776561,38.06516976998905,11.11,4.23,Average Performer,$+4.23 (+11.1% from baseline),False,False,True
6,37,2019-01-14,22.43209200438116,20.188882803943045,11.11,2.24,Average Performer,$+2.24 (+11.1% from baseline),False,False,True
4,48,2019-01-14,53.76560788608981,48.389047097480834,11.11,5.38,Average Performer,$+5.38 (+11.1% from baseline),False,False,True
5,46,2019-01-14,44.734939759036145,40.26144578313253,11.11,4.47,Average Performer,$+4.47 (+11.1% from baseline),False,False,True
9,35,2019-01-14,69.57667031763417,62.619003285870754,11.11,6.96,Average Performer,$+6.96 (+11.1% from baseline),False,False,True
1,44,2019-01-15,26.59419496166484,23.934775465498358,11.11,2.66,Average Performer,$+2.66 (+11.1% from baseline),False,False,True
6,37,2019-01-15,22.43209200438116,20.188882803943045,11.11,2.24,Average Performer,$+2.24 (+11.1% from baseline),False,False,True
2,6,2019-01-15,74.94523548740416,67.45071193866374,11.11,7.49,Average Performer,$+7.49 (+11.1% from baseline),False,False,True
7,20,2019-01-15,33.2513691128149,29.92623220153341,11.11,3.33,Average Performer,$+3.33 (+11.1% from baseline),False,False,True
6,48,2019-01-15,39.052573932092,35.147316538882805,11.11,3.91,Average Performer,$+3.91 (+11.1% from baseline),False,False,True
4,44,2019-01-15,30.95235487404162,27.85711938663746,11.11,3.1,Average Performer,$+3.10 (+11.1% from baseline),False,False,True
5,32,2019-01-15,33.25739320920044,29.931653888280394,11.11,3.33,Average Performer,$+3.33 (+11.1% from baseline),False,False,True
8,40,2019-01-15,35.995618838992335,32.3960569550931,11.11,3.6,Average Performer,$+3.60 (+11.1% from baseline),False,False,True
7,1,2019-01-15,15.159364731653888,13.6434282584885,11.11,1.52,Average Performer,$+1.52 (+11.1% from baseline),False,False,True
9,36,2019-01-15,81.44797371303396,73.30317634173056,11.11,8.14,Average Performer,$+8.14 (+11.1% from baseline),False,False,True
9,12,2019-01-15,73.4052573932092,66.06473165388827,11.11,7.34,Average Performer,$+7.34 (+11.1% from baseline),False,False,True
2,25,2019-01-15,103.42606790799562,93.08346111719605,11.11,10.34,Average Performer,$+10.34 (+11.1% from baseline),False,False,True
4,50,2019-01-15,68.92168674698796,62.029518072289164,11.11,6.89,Average Performer,$+6.89 (+11.1% from baseline),False,False,True
4,31,2019-01-15,61.30887185104053,55.17798466593648,11.11,6.13,Average Performer,$+6.13 (+11.1% from baseline),False,False,True
6,49,2019-01-15,22.181270536692224,19.963143483023003,11.11,2.22,Average Performer,$+2.22 (+11.1% from baseline),False,False,True
4,22,2019-01-15,84.6341730558598,76.17075575027383,11.11,8.46,Average Performer,$+8.46 (+11.1% from baseline),False,False,True
9,12,2019-01-15,73.4052573932092,66.06473165388827,11.11,7.34,Average Performer,$+7.34 (+11.1% from baseline),False,False,True
1,30,2019-01-15,36.31818181818182,32.68636363636364,11.11,3.63,Average Performer,$+3.63 (+11.1% from baseline),False,False,True
7,5,2019-01-15,12.733844468784227,11.460460021905805,11.11,1.27,Average Performer,$+1.27 (+11.1% from baseline),False,False,True
4,49,2019-01-15,30.840635268346112,27.7565717415115,11.11,3.08,Average Performer,$+3.08 (+11.1% from baseline),False,False,True
8,22,2019-01-15,98.91456736035049,89.02311062431544,11.11,9.89,Average Performer,$+9.89 (+11.1% from baseline),False,False,True
6,1,2019-01-15,16.717962760131435,15.046166484118292,11.11,1.67,Average Performer,$+1.67 (+11.1% from baseline),False,False,True
10,9,2019-01-15,57.886637458926614,52.09797371303395,11.11,5.79,Average Performer,$+5.79 (+11.1% from baseline),False,False,True
6,29,2019-01-15,53.251916757940855,47.92672508214677,11.11,5.33,Average Performer,$+5.33 (+11.1% from baseline),False,False,True
10,25,2019-01-15,90.49507119386638,81.44556407447975,11.11,9.05,Average Performer,$+9.05 (+11.1% from baseline),False,False,True
10,11,2019-01-15,78.27217962760132,70.44496166484119,11.11,7.83,Average Performer,$+7.83 (+11.1% from baseline),False,False,True
2,9,2019-01-15,65.47809419496167,58.9302847754655,11.11,6.55,Average Performer,$+6.55 (+11.1% from baseline),False,False,True
8,45,2019-01-15,98.94140197152245,89.04726177437021,11.11,9.89,Average Performer,$+9.89 (+11.1% from baseline),False,False,True
3,40,2019-01-15,33.56900328587076,30.212102957283683,11.11,3.36,Average Performer,$+3.36 (+11.1% from baseline),False,False,True
4,2,2019-01-15,61.715224534501644,55.54370208105148,11.11,6.17,Average Performer,$+6.17 (+11.1% from baseline),False,False,True
8,34,2019-01-15,31.730558598028477,28.55750273822563,11.11,3.17,Average Performer,$+3.17 (+11.1% from baseline),False,False,True
7,17,2019-01-15,22.82475355969332,20.54227820372399,11.11,2.28,Average Performer,$+2.28 (+11.1% from baseline),False,False,True
2,13,2019-01-15,107.90306681270536,97.11276013143483,11.11,10.79,Average Performer,$+10.79 (+11.1% from baseline),False,False,True
4,45,2019-01-15,84.68729463307777,76.21856516976999,11.11,8.47,Average Performer,$+8.47 (+11.1% from baseline),False,False,True
1,10,2019-01-15,66.35432639649507,59.71889375684556,11.11,6.64,Average Performer,$+6.64 (+11.1% from baseline),False,False,True
9,11,2019-01-15,73.16867469879519,65.85180722891567,11.11,7.32,Average Performer,$+7.32 (+11.1% from baseline),False,False,True
7,4,2019-01-15,15.35815991237678,13.822343921139101,11.11,1.54,Average Performer,$+1.54 (+11.1% from baseline),False,False,True
9,41,2019-01-15,23.191128148959475,20.872015334063526,11.11,2.32,Average Performer,$+2.32 (+11.1% from baseline),False,False,True
9,32,2019-01-15,46.40470974808324,41.76423877327492,11.11,4.64,Average Performer,$+4.64 (+11.1% from baseline),False,False,True
4,49,2019-01-15,30.840635268346112,27.7565717415115,11.11,3.08,Average Performer,$+3.08 (+11.1% from baseline),False,False,True
9,11,2019-01-15,73.16867469879519,65.85180722891567,11.11,7.32,Average Performer,$+7.32 (+11.1% from baseline),False,False,True
5,7,2019-01-15,44.53559693318729,40.08203723986856,11.11,4.45,Average Performer,$+4.45 (+11.1% from baseline),False,False,True
6,33,2019-01-15,52.67250821467689,47.4052573932092,11.11,5.27,Average Performer,$+5.27 (+11.1% from baseline),False,False,True
8,26,2019-01-15,58.62212486308872,52.75991237677985,11.11,5.86,Average Performer,$+5.86 (+11.1% from baseline),False,False,True
3,22,2019-01-16,91.84556407447974,82.66100766703177,11.11,9.18,Average Performer,$+9.18 (+11.1% from baseline),False,False,True
4,16,2019-01-16,27.176889375684556,24.459200438116103,11.11,2.72,Average Performer,$+2.72 (+11.1% from baseline),False,False,True
10,27,2019-01-16,24.701533406352684,22.231380065717417,11.11,2.47,Average Performer,$+2.47 (+11.1% from baseline),False,False,True
7,3,2019-01-16,25.53121577217963,22.978094194961667,11.11,2.55,Average Performer,$+2.55 (+11.1% from baseline),False,False,True
8,20,2019-01-16,58.0460021905805,52.24140197152245,11.11,5.8,Average Performer,$+5.80 (+11.1% from baseline),False,False,True
1,28,2019-01-16,79.56681270536693,71.61013143483024,11.11,7.96,Average Performer,$+7.96 (+11.1% from baseline),False,False,True
1,46,2019-01-16,52.84501642935378,47.5605147864184,11.11,5.28,Average Performer,$+5.28 (+11.1% from baseline),False,False,True
9,36,2019-01-16,81.44797371303396,73.30317634173056,11.11,8.14,Average Performer,$+8.14 (+11.1% from baseline),False,False,True
7,33,2019-01-16,48.33515881708653,43.50164293537788,11.11,4.83,Average Performer,$+4.83 (+11.1% from baseline),False,False,True
2,25,2019-01-16,103.42606790799562,93.08346111719605,11.11,10.34,Average Performer,$+10.34 (+11.1% from baseline),False,False,True
2,14,2019-01-16,75.35980284775465,67.82382256297919,11.11,7.54,Average Performer,$+7.54 (+11.1% from baseline),False,False,True
7,6,2019-01-16,40.70372398685652,36.63335158817087,11.11,4.07,Average Performer,$+4.07 (+11.1% from baseline),False,False,True
7,1,2019-01-16,15.159364731653888,13.6434282584885,11.11,1.52,Average Performer,$+1.52 (+11.1% from baseline),False,False,True
4,31,2019-01-16,61.30887185104053,55.17798466593648,11.11,6.13,Average Performer,$+6.13 (+11.1% from baseline),False,False,True
5,40,2019-01-16,22.109529025191677,19.89857612267251,11.11,2.21,Average Performer,$+2.21 (+11.1% from baseline),False,False,True
3,17,2019-01-16,37.75301204819277,33.977710843373494,11.11,3.78,Average Performer,$+3.78 (+11.1% from baseline),False,False,True
9,34,2019-01-16,27.07393209200438,24.366538882803944,11.11,2.71,Average Performer,$+2.71 (+11.1% from baseline),False,False,True
7,10,2019-01-16,51.1566265060241,46.04096385542169,11.11,5.12,Average Performer,$+5.12 (+11.1% from baseline),False,False,True
10,40,2019-01-16,32.97809419496166,29.6802847754655,11.11,3.3,Average Performer,$+3.30 (+11.1% from baseline),False,False,True
4,1,2019-01-16,22.93866374589266,20.644797371303397,11.11,2.29,Average Performer,$+2.29 (+11.1% from baseline),False,False,True
2,28,2019-01-16,112.63800657174151,101.37420591456737,11.11,11.26,Average Performer,$+11.26 (+11.1% from baseline),False,False,True
3,2,2019-01-16,66.80449069003286,60.124041621029576,11.11,6.68,Average Performer,$+6.68 (+11.1% from baseline),False,False,True
7,27,2019-01-16,15.213581599123767,13.692223439211391,11.11,1.52,Average Performer,$+1.52 (+11.1% from baseline),False,False,True
1,39,2019-01-16,39.69496166484118,35.72546549835706,11.11,3.97,Average Performer,$+3.97 (+11.1% from baseline),False,False,True
1,44,2019-01-16,26.59419496166484,23.934775465498358,11.11,2.66,Average Performer,$+2.66 (+11.1% from baseline),False,False,True
4,12,2019-01-16,73.10295728368017,65.79266155531215,11.11,7.31,Average Performer,$+7.31 (+11.1% from baseline),False,False,True
5,43,2019-01-16,39.1631982475356,35.24687842278204,11.11,3.92,Average Performer,$+3.92 (+11.1% from baseline),False,False,True
6,21,2019-01-16,30.82420591456736,27.741785323110626,11.11,3.08,Average Performer,$+3.08 (+11.1% from baseline),False,False,True
4,38,2019-01-16,84.57447973713035,76.11703176341732,11.11,8.46,Average Performer,$+8.46 (+11.1% from baseline),False,False,True
4,49,2019-01-16,30.840635268346112,27.7565717415115,11.11,3.08,Average Performer,$+3.08 (+11.1% from baseline),False,False,True
9,22,2019-01-16,84.86308871851041,76.37677984665937,11.11,8.49,Average Performer,$+8.49 (+11.1% from baseline),False,False,True
7,50,2019-01-16,45.8236582694414,41.24129244249726,11.11,4.58,Average Performer,$+4.58 (+11.1% from baseline),False,False,True
5,19,2019-01-16,30.704819277108435,27.63433734939759,11.11,3.07,Average Performer,$+3.07 (+11.1% from baseline),False,False,True
3,38,2019-01-16,91.87185104052574,82.68466593647317,11.11,9.19,Average Performer,$+9.19 (+11.1% from baseline),False,False,True
4,24,2019-01-16,69.11938663745893,62.20744797371304,11.11,6.91,Average Performer,$+6.91 (+11.1% from baseline),False,False,True
10,2,2019-01-16,65.56681270536693,59.010131434830235,11.11,6.56,Average Performer,$+6.56 (+11.1% from baseline),False,False,True
8,25,2019-01-16,99.24479737130339,89.32031763417305,11.11,9.92,Average Performer,$+9.92 (+11.1% from baseline),False,False,True
4,28,2019-01-16,92.552573932092,83.29731653888281,11.11,9.26,Average Performer,$+9.26 (+11.1% from baseline),False,False,True
2,33,2019-01-17,89.31161007667032,80.38044906900329,11.11,8.93,Average Performer,$+8.93 (+11.1% from baseline),False,False,True
10,32,2019-01-17,49.3433734939759,44.409036144578316,11.11,4.93,Average Performer,$+4.93 (+11.1% from baseline),False,False,True
2,19,2019-01-17,51.81982475355969,46.63784227820373,11.11,5.18,Average Performer,$+5.18 (+11.1% from baseline),False,False,True
4,13,2019-01-17,88.60460021905806,79.74414019715225,11.11,8.86,Average Performer,$+8.86 (+11.1% from baseline),False,False,True
6,29,2019-01-17,53.251916757940855,47.92672508214677,11.11,5.33,Average Performer,$+5.33 (+11.1% from baseline),False,False,True
5,30,2019-01-17,30.738773274917854,27.664895947426068,11.11,3.07,Average Performer,$+3.07 (+11.1% from baseline),False,False,True
3,13,2019-01-17,96.21467688937568,86.59320920043811,11.11,9.62,Average Performer,$+9.62 (+11.1% from baseline),False,False,True
4,13,2019-01-17,88.60460021905806,79.74414019715225,11.11,8.86,Average Performer,$+8.86 (+11.1% from baseline),False,False,True
5,24,2019-01-17,50.14676889375684,45.13209200438116,11.11,5.01,Average Performer,$+5.01 (+11.1% from baseline),False,False,True
7,43,2019-01-17,35.426067907995616,31.883461117196056,11.11,3.54,Average Performer,$+3.54 (+11.1% from baseline),False,False,True
9,30,2019-01-17,42.54819277108434,38.293373493975906,11.11,4.25,Average Performer,$+4.25 (+11.1% from baseline),False,False,True
6,46,2019-01-17,44.539978094194964,40.08598028477547,11.11,4.45,Average Performer,$+4.45 (+11.1% from baseline),False,False,True
4,40,2019-01-17,30.555312157721797,27.499780941949616,11.11,3.06,Average Performer,$+3.06 (+11.1% from baseline),False,False,True
6,44,2019-01-17,22.322562979189485,20.090306681270537,11.11,2.23,Average Performer,$+2.23 (+11.1% from baseline),False,False,True
6,43,2019-01-17,39.034501642935375,35.13105147864184,11.11,3.9,Average Performer,$+3.90 (+11.1% from baseline),False,False,True
3,44,2019-01-17,33.38608981380066,30.047480832420593,11.11,3.34,Average Performer,$+3.34 (+11.1% from baseline),False,False,True
7,16,2019-01-17,17.754107338444687,15.978696604600218,11.11,1.78,Average Performer,$+1.78 (+11.1% from baseline),False,False,True
10,20,2019-01-17,53.23986856516977,47.9158817086528,11.11,5.32,Average Performer,$+5.32 (+11.1% from baseline),False,False,True
5,18,2019-01-17,64.08050383351588,57.67245345016429,11.11,6.41,Average Performer,$+6.41 (+11.1% from baseline),False,False,True
7,18,2019-01-17,58.74589266155531,52.87130339539978,11.11,5.87,Average Performer,$+5.87 (+11.1% from baseline),False,False,True
1,25,2019-01-17,72.73603504928806,65.46243154435926,11.11,7.27,Average Performer,$+7.27 (+11.1% from baseline),False,False,True
5,9,2019-01-17,38.83734939759036,34.95361445783132,11.11,3.88,Average Performer,$+3.88 (+11.1% from baseline),False,False,True
4,48,2019-01-17,53.76560788608981,48.389047097480834,11.11,5.38,Average Performer,$+5.38 (+11.1% from baseline),False,False,True
5,3,2019-01-17,27.835706462212485,25.05213581599124,11.11,2.78,Average Performer,$+2.78 (+11.1% from baseline),False,False,True
10,24,2019-01-17,74.31763417305586,66.88587075575028,11.11,7.43,Average Performer,$+7.43 (+11.1% from baseline),False,False,True
6,21,2019-01-17,30.82420591456736,27.741785323110626,11.11,3.08,Average Performer,$+3.08 (+11.1% from baseline),False,False,True
1,44,2019-01-17,26.59419496166484,23.934775465498358,11.11,2.66,Average Performer,$+2.66 (+11.1% from baseline),False,False,True
8,40,2019-01-18,35.995618838992335,32.3960569550931,11.11,3.6,Average Performer,$+3.60 (+11.1% from baseline),False,False,True
9,30,2019-01-18,42.54819277108434,38.293373493975906,11.11,4.25,Average Performer,$+4.25 (+11.1% from baseline),False,False,True
7,16,2019-01-18,17.754107338444687,15.978696604600218,11.11,1.78,Average Performer,$+1.78 (+11.1% from baseline),False,False,True
6,32,2019-01-18,33.443044906900326,30.098740416210294,11.11,3.34,Average Performer,$+3.34 (+11.1% from baseline),False,False,True
1,44,2019-01-18,26.59419496166484,23.934775465498358,11.11,2.66,Average Performer,$+2.66 (+11.1% from baseline),False,False,True
1,40,2019-01-18,26.44359255202629,23.79923329682366,11.11,2.64,Average Performer,$+2.64 (+11.1% from baseline),False,False,True
6,6,2019-01-18,44.50383351588171,40.05345016429354,11.11,4.45,Average Performer,$+4.45 (+11.1% from baseline),False,False,True
9,21,2019-01-18,42.575027382256295,38.31752464403067,11.11,4.26,Average Performer,$+4.26 (+11.1% from baseline),False,False,True
4,43,2019-01-18,54.01861993428258,48.61675794085433,11.11,5.4,Average Performer,$+5.40 (+11.1% from baseline),False,False,True
2,42,2019-01-18,47.36801752464403,42.63121577217963,11.11,4.74,Average Performer,$+4.74 (+11.1% from baseline),False,False,True
1,34,2019-01-18,23.274917853231106,20.947426067907994,11.11,2.33,Average Performer,$+2.33 (+11.1% from baseline),False,False,True
4,6,2019-01-18,61.27053669222344,55.143483023001096,11.11,6.13,Average Performer,$+6.13 (+11.1% from baseline),False,False,True
2,39,2019-01-18,56.164293537787515,50.547864184008766,11.11,5.62,Average Performer,$+5.62 (+11.1% from baseline),False,False,True
4,10,2019-01-18,77.04764512595838,69.34288061336255,11.11,7.7,Average Performer,$+7.70 (+11.1% from baseline),False,False,True
5,38,2019-01-18,61.34830230010953,55.213472070098575,11.11,6.13,Average Performer,$+6.13 (+11.1% from baseline),False,False,True
4,26,2019-01-18,49.90197152245345,44.91177437020811,11.11,4.99,Average Performer,$+4.99 (+11.1% from baseline),False,False,True
7,28,2019-01-18,61.104052573932094,54.99364731653888,11.11,6.11,Average Performer,$+6.11 (+11.1% from baseline),False,False,True
9,16,2019-01-18,26.997809419496168,24.298028477546552,11.11,2.7,Average Performer,$+2.70 (+11.1% from baseline),False,False,True
10,18,2019-01-18,94.71960569550932,85.24764512595839,11.11,9.47,Average Performer,$+9.47 (+11.1% from baseline),False,False,True
2,21,2019-01-18,51.75629791894852,46.58066812705367,11.11,5.18,Average Performer,$+5.18 (+11.1% from baseline),False,False,True
8,40,2019-01-18,35.995618838992335,32.3960569550931,11.11,3.6,Average Performer,$+3.60 (+11.1% from baseline),False,False,True
9,9,2019-01-18,54.10569550930997,48.69512595837897,11.11,5.41,Average Performer,$+5.41 (+11.1% from baseline),False,False,True
8,22,2019-01-18,98.91456736035049,89.02311062431544,11.11,9.89,Average Performer,$+9.89 (+11.1% from baseline),False,False,True
8,3,2019-01-18,45.07612267250821,40.56851040525739,11.11,4.51,Average Performer,$+4.51 (+11.1% from baseline),False,False,True
8,46,2019-01-18,72.00492880613362,64.80443592552027,11.11,7.2,Average Performer,$+7.20 (+11.1% from baseline),False,False,True
6,40,2019-01-18,22.180175246440307,19.962157721796277,11.11,2.22,Average Performer,$+2.22 (+11.1% from baseline),False,False,True
2,20,2019-01-18,60.97809419496166,54.8802847754655,11.11,6.1,Average Performer,$+6.10 (+11.1% from baseline),False,False,True
7,13,2019-01-18,58.547645125958375,52.69288061336254,11.11,5.85,Average Performer,$+5.85 (+11.1% from baseline),False,False,True
6,42,2019-01-18,27.893209200438115,25.103888280394305,11.11,2.79,Average Performer,$+2.79 (+11.1% from baseline),False,False,True
9,14,2019-01-18,61.45837897042716,55.312541073384445,11.11,6.15,Average Performer,$+6.15 (+11.1% from baseline),False,False,True
10,49,2019-01-18,33.032311062431546,29.729079956188393,11.11,3.3,Average Performer,$+3.30 (+11.1% from baseline),False,False,True
4,46,2019-01-18,61.42004381161008,55.27803943044907,11.11,6.14,Average Performer,$+6.14 (+11.1% from baseline),False,False,True
3,49,2019-01-18,33.25958378970427,29.933625410733846,11.11,3.33,Average Performer,$+3.33 (+11.1% from baseline),False,False,True
9,23,2019-01-18,30.88170865279299,27.793537787513692,11.11,3.09,Average Performer,$+3.09 (+11.1% from baseline),False,False,True
8,28,2019-01-18,107.8132530120482,97.03192771084338,11.11,10.78,Average Performer,$+10.78 (+11.1% from baseline),False,False,True
10,4,2019-01-18,24.721248630887185,22.249123767798466,11.11,2.47,Average Performer,$+2.47 (+11.1% from baseline),False,False,True
4,6,2019-01-18,61.27053669222344,55.143483023001096,11.11,6.13,Average Performer,$+6.13 (+11.1% from baseline),False,False,True
2,3,2019-01-18,46.99233296823658,42.293099671412925,11.11,4.7,Average Performer,$+4.70 (+11.1% from baseline),False,False,True
9,6,2019-01-18,61.41237677984666,55.271139101862,11.11,6.14,Average Performer,$+6.14 (+11.1% from baseline),False,False,True
6,28,2019-01-18,66.460569550931,59.8145125958379,11.11,6.65,Average Performer,$+6.65 (+11.1% from baseline),False,False,True
4,12,2019-01-18,73.10295728368017,65.79266155531215,11.11,7.31,Average Performer,$+7.31 (+11.1% from baseline),False,False,True
5,37,2019-01-18,22.289156626506024,20.06024096385542,11.11,2.23,Average Performer,$+2.23 (+11.1% from baseline),False,False,True
7,31,2019-01-18,41.015334063526836,36.91380065717416,11.11,4.1,Average Performer,$+4.10 (+11.1% from baseline),False,False,True
7,38,2019-01-18,55.81982475355969,50.23784227820372,11.11,5.58,Average Performer,$+5.58 (+11.1% from baseline),False,False,True
6,8,2019-01-18,58.3855421686747,52.546987951807225,11.11,5.84,Average Performer,$+5.84 (+11.1% from baseline),False,False,True
4,7,2019-01-18,61.62541073384447,55.46286966046002,11.11,6.16,Average Performer,$+6.16 (+11.1% from baseline),False,False,True
8,3,2019-01-18,45.07612267250821,40.56851040525739,11.11,4.51,Average Performer,$+4.51 (+11.1% from baseline),False,False,True
10,9,2019-01-18,57.886637458926614,52.09797371303395,11.11,5.79,Average Performer,$+5.79 (+11.1% from baseline),False,False,True
4,50,2019-01-18,68.92168674698796,62.029518072289164,11.11,6.89,Average Performer,$+6.89 (+11.1% from baseline),False,False,True
5,26,2019-01-18,36.35596933187295,32.720372398685655,11.11,3.64,Average Performer,$+3.64 (+11.1% from baseline),False,False,True
8,48,2019-01-18,62.73713033953998,56.463417305585985,11.11,6.27,Average Performer,$+6.27 (+11.1% from baseline),False,False,True
10,24,2019-01-18,74.31763417305586,66.88587075575028,11.11,7.43,Average Performer,$+7.43 (+11.1% from baseline),False,False,True
3,47,2019-01-18,25.120481927710845,22.608433734939762,11.11,2.51,Average Performer,$+2.51 (+11.1% from baseline),False,False,True
1,43,2019-01-19,46.24260679079956,41.61834611171961,11.11,4.62,Average Performer,$+4.62 (+11.1% from baseline),False,False,True
3,20,2019-01-19,54.24370208105148,48.819331872946336,11.11,5.42,Average Performer,$+5.42 (+11.1% from baseline),False,False,True
2,39,2019-01-19,56.164293537787515,50.547864184008766,11.11,5.62,Average Performer,$+5.62 (+11.1% from baseline),False,False,True
10,33,2019-01-19,78.36473165388828,70.52825848849946,11.11,7.84,Average Performer,$+7.84 (+11.1% from baseline),False,False,True
9,20,2019-01-19,49.943044906900326,44.94874041621029,11.11,4.99,Average Performer,$+4.99 (+11.1% from baseline),False,False,True
4,8,2019-01-19,80.81982475355969,72.73784227820371,11.11,8.08,Average Performer,$+8.08 (+11.1% from baseline),False,False,True
4,4,2019-01-19,23.086527929901425,20.777875136911284,11.11,2.31,Average Performer,$+2.31 (+11.1% from baseline),False,False,True
10,43,2019-01-19,57.94249726177437,52.14824753559694,11.11,5.79,Average Performer,$+5.79 (+11.1% from baseline),False,False,True
8,8,2019-01-19,94.46111719605696,85.01500547645126,11.11,9.45,Average Performer,$+9.45 (+11.1% from baseline),False,False,True
6,44,2019-01-19,22.322562979189485,20.090306681270537,11.11,2.23,Average Performer,$+2.23 (+11.1% from baseline),False,False,True
7,7,2019-01-19,40.70974808324206,36.63877327491786,11.11,4.07,Average Performer,$+4.07 (+11.1% from baseline),False,False,True
7,29,2019-01-19,48.51807228915663,43.66626506024097,11.11,4.85,Average Performer,$+4.85 (+11.1% from baseline),False,False,True
5,27,2019-01-19,16.763417305585982,15.087075575027384,11.11,1.68,Average Performer,$+1.68 (+11.1% from baseline),False,False,True
2,50,2019-01-19,84.62212486308871,76.15991237677984,11.11,8.46,Average Performer,$+8.46 (+11.1% from baseline),False,False,True
9,2,2019-01-19,61.792442497261774,55.6131982475356,11.11,6.18,Average Performer,$+6.18 (+11.1% from baseline),False,False,True
3,13,2019-01-19,96.21467688937568,86.59320920043811,11.11,9.62,Average Performer,$+9.62 (+11.1% from baseline),False,False,True
2,44,2019-01-19,37.785870755750274,34.00728368017525,11.11,3.78,Average Performer,$+3.78 (+11.1% from baseline),False,False,True
3,16,2019-01-19,29.142935377875137,26.228641840087622,11.11,2.91,Average Performer,$+2.91 (+11.1% from baseline),False,False,True
7,34,2019-01-19,17.981380065717413,16.183242059145673,11.11,1.8,Average Performer,$+1.80 (+11.1% from baseline),False,False,True
5,37,2019-01-19,22.289156626506024,20.06024096385542,11.11,2.23,Average Performer,$+2.23 (+11.1% from baseline),False,False,True
6,40,2019-01-19,22.180175246440307,19.962157721796277,11.11,2.22,Average Performer,$+2.22 (+11.1% from baseline),False,False,True
3,5,2019-01-19,20.857612267250822,18.77185104052574,11.11,2.09,Average Performer,$+2.09 (+11.1% from baseline),False,False,True
3,45,2019-01-19,91.85104052573932,82.66593647316539,11.11,9.19,Average Performer,$+9.19 (+11.1% from baseline),False,False,True
5,17,2019-01-19,25.06736035049288,22.560624315443594,11.11,2.51,Average Performer,$+2.51 (+11.1% from baseline),False,False,True
9,18,2019-01-19,88.61062431544359,79.74956188389923,11.11,8.86,Average Performer,$+8.86 (+11.1% from baseline),False,False,True
6,8,2019-01-19,58.3855421686747,52.546987951807225,11.11,5.84,Average Performer,$+5.84 (+11.1% from baseline),False,False,True
5,1,2019-01-19,16.739320920043813,15.065388828039431,11.11,1.67,Average Performer,$+1.67 (+11.1% from baseline),False,False,True
10,29,2019-01-19,78.23767798466594,70.41391018619935,11.11,7.82,Average Performer,$+7.82 (+11.1% from baseline),False,False,True
7,25,2019-01-19,56.3986856516977,50.75881708652793,11.11,5.64,Average Performer,$+5.64 (+11.1% from baseline),False,False,True
6,33,2019-01-19,52.67250821467689,47.4052573932092,11.11,5.27,Average Performer,$+5.27 (+11.1% from baseline),False,False,True
3,21,2019-01-19,45.95564074479737,41.36007667031763,11.11,4.6,Average Performer,$+4.60 (+11.1% from baseline),False,False,True
4,4,2019-01-19,23.086527929901425,20.777875136911284,11.11,2.31,Average Performer,$+2.31 (+11.1% from baseline),False,False,True
2,14,2019-01-19,75.35980284775465,67.82382256297919,11.11,7.54,Average Performer,$+7.54 (+11.1% from baseline),False,False,True
2,43,2019-01-19,65.78532311062432,59.20679079956189,11.11,6.58,Average Performer,$+6.58 (+11.1% from baseline),False,False,True
1,35,2019-01-19,59.49507119386637,53.545564074479735,11.11,5.95,Average Performer,$+5.95 (+11.1% from baseline),False,False,True
1,30,2019-01-19,36.31818181818182,32.68636363636364,11.11,3.63,Average Performer,$+3.63 (+11.1% from baseline),False,False,True
9,1,2019-01-19,23.325848849945235,20.99326396495071,11.11,2.33,Average Performer,$+2.33 (+11.1% from baseline),False,False,True
10,31,2019-01-19,65.94906900328587,59.35416210295728,11.11,6.59,Average Performer,$+6.59 (+11.1% from baseline),False,False,True
4,34,2019-01-19,27.001095290251918,24.300985761226727,11.11,2.7,Average Performer,$+2.70 (+11.1% from baseline),False,False,True
3,50,2019-01-19,74.95837897042716,67.46254107338444,11.11,7.5,Average Performer,$+7.50 (+11.1% from baseline),False,False,True
1,47,2019-01-19,19.81434830230011,17.8329134720701,11.11,1.98,Average Performer,$+1.98 (+11.1% from baseline),False,False,True
5,19,2019-01-19,30.704819277108435,27.63433734939759,11.11,3.07,Average Performer,$+3.07 (+11.1% from baseline),False,False,True
2,11,2019-01-19,89.30996714129245,80.37897042716321,11.11,8.93,Average Performer,$+8.93 (+11.1% from baseline),False,False,True
10,9,2019-01-19,57.886637458926614,52.09797371303395,11.11,5.79,Average Performer,$+5.79 (+11.1% from baseline),False,False,True
1,42,2019-01-19,33.10569550930997,29.79512595837897,11.11,3.31,Average Performer,$+3.31 (+11.1% from baseline),False,False,True
10,17,2019-01-19,37.11281489594742,33.401533406352684,11.11,3.71,Average Performer,$+3.71 (+11.1% from baseline),False,False,True
1,50,2019-01-19,59.34282584884995,53.40854326396495,11.11,5.93,Average Performer,$+5.93 (+11.1% from baseline),False,False,True
6,27,2019-01-19,16.809419496166484,15.128477546549837,11.11,1.68,Average Performer,$+1.68 (+11.1% from baseline),False,False,True
2,6,2019-01-20,74.94523548740416,67.45071193866374,11.11,7.49,Average Performer,$+7.49 (+11.1% from baseline),False,False,True
5,34,2019-01-20,19.64841182913472,17.68357064622125,11.11,1.96,Average Performer,$+1.96 (+11.1% from baseline),False,False,True
8,6,2019-01-20,71.95837897042716,64.76254107338445,11.11,7.2,Average Performer,$+7.20 (+11.1% from baseline),False,False,True
4,46,2019-01-20,61.42004381161008,55.27803943044907,11.11,6.14,Average Performer,$+6.14 (+11.1% from baseline),False,False,True
6,45,2019-01-20,61.14293537787513,55.02864184008762,11.11,6.11,Average Performer,$+6.11 (+11.1% from baseline),False,False,True
2,15,2019-01-20,112.578860898138,101.32097480832421,11.11,11.26,Average Performer,$+11.26 (+11.1% from baseline),False,False,True
8,14,2019-01-20,71.60295728368017,64.44266155531216,11.11,7.16,Average Performer,$+7.16 (+11.1% from baseline),False,False,True
9,34,2019-01-20,27.07393209200438,24.366538882803944,11.11,2.71,Average Performer,$+2.71 (+11.1% from baseline),False,False,True
4,22,2019-01-20,84.6341730558598,76.17075575027383,11.11,8.46,Average Performer,$+8.46 (+11.1% from baseline),False,False,True
8,25,2019-01-20,99.24479737130339,89.32031763417305,11.11,9.92,Average Performer,$+9.92 (+11.1% from baseline),False,False,True
10,7,2019-01-20,65.80777656078861,59.22699890470975,11.11,6.58,Average Performer,$+6.58 (+11.1% from baseline),False,False,True
6,16,2019-01-20,19.617196056955095,17.655476451259585,11.11,1.96,Average Performer,$+1.96 (+11.1% from baseline),False,False,True
4,47,2019-01-20,23.1144578313253,20.80301204819277,11.11,2.31,Average Performer,$+2.31 (+11.1% from baseline),False,False,True
9,40,2019-01-20,30.697152245345016,27.627437020810515,11.11,3.07,Average Performer,$+3.07 (+11.1% from baseline),False,False,True
3,19,2019-01-20,45.85432639649507,41.268893756845564,11.11,4.59,Average Performer,$+4.59 (+11.1% from baseline),False,False,True
3,46,2019-01-20,66.74808324205915,60.07327491785324,11.11,6.67,Average Performer,$+6.67 (+11.1% from baseline),False,False,True
8,4,2019-01-20,26.948521358159912,24.25366922234392,11.11,2.69,Average Performer,$+2.69 (+11.1% from baseline),False,False,True
10,39,2019-01-20,49.40087623220153,44.46078860898138,11.11,4.94,Average Performer,$+4.94 (+11.1% from baseline),False,False,True
3,3,2019-01-20,41.7710843373494,37.593975903614464,11.11,4.18,Average Performer,$+4.18 (+11.1% from baseline),False,False,True
10,21,2019-01-20,45.23274917853231,40.70947426067908,11.11,4.52,Average Performer,$+4.52 (+11.1% from baseline),False,False,True
7,23,2019-01-20,20.243702081051477,18.21933187294633,11.11,2.02,Average Performer,$+2.02 (+11.1% from baseline),False,False,True
4,35,2019-01-20,68.97042716319825,62.07338444687843,11.11,6.9,Average Performer,$+6.90 (+11.1% from baseline),False,False,True
1,16,2019-01-20,23.332420591456735,20.999178532311063,11.11,2.33,Average Performer,$+2.33 (+11.1% from baseline),False,False,True
3,9,2019-01-20,58.486856516977,52.6381708652793,11.11,5.85,Average Performer,$+5.85 (+11.1% from baseline),False,False,True
10,43,2019-01-20,57.94249726177437,52.14824753559694,11.11,5.79,Average Performer,$+5.79 (+11.1% from baseline),False,False,True
4,47,2019-01-20,23.1144578313253,20.80301204819277,11.11,2.31,Average Performer,$+2.31 (+11.1% from baseline),False,False,True
5,40,2019-01-20,22.109529025191677,19.89857612267251,11.11,2.21,Average Performer,$+2.21 (+11.1% from baseline),False,False,True
6,39,2019-01-20,33.369660460021905,30.032694414019716,11.11,3.34,Average Performer,$+3.34 (+11.1% from baseline),False,False,True
5,31,2019-01-20,44.698247535596934,40.22842278203724,11.11,4.47,Average Performer,$+4.47 (+11.1% from baseline),False,False,True
10,3,2019-01-20,41.113362541073386,37.00202628696605,11.11,4.11,Average Performer,$+4.11 (+11.1% from baseline),False,False,True
7,16,2019-01-20,17.754107338444687,15.978696604600218,11.11,1.78,Average Performer,$+1.78 (+11.1% from baseline),False,False,True
2,35,2019-01-20,84.66265060240964,76.19638554216868,11.11,8.47,Average Performer,$+8.47 (+11.1% from baseline),False,False,True
2,46,2019-01-20,75.21960569550932,67.69764512595839,11.11,7.52,Average Performer,$+7.52 (+11.1% from baseline),False,False,True
1,28,2019-01-20,79.56681270536693,71.61013143483024,11.11,7.96,Average Performer,$+7.96 (+11.1% from baseline),False,False,True
9,14,2019-01-20,61.45837897042716,55.312541073384445,11.11,6.15,Average Performer,$+6.15 (+11.1% from baseline),False,False,True
3,3,2019-01-20,41.7710843373494,37.593975903614464,11.11,4.18,Average Performer,$+4.18 (+11.1% from baseline),False,False,True
1,33,2019-01-20,62.755750273822564,56.48017524644031,11.11,6.28,Average Performer,$+6.28 (+11.1% from baseline),False,False,True
3,34,2019-01-20,29.092004381161008,26.182803943044906,11.11,2.91,Average Performer,$+2.91 (+11.1% from baseline),False,False,True
10,23,2019-01-20,33.100219058050385,29.790197152245348,11.11,3.31,Average Performer,$+3.31 (+11.1% from baseline),False,False,True
10,6,2019-01-20,65.61226725082146,59.05104052573932,11.11,6.56,Average Performer,$+6.56 (+11.1% from baseline),False,False,True
4,29,2019-01-20,73.24370208105148,65.91933187294633,11.11,7.32,Average Performer,$+7.32 (+11.1% from baseline),False,False,True
10,15,2019-01-21,98.99069003285871,89.09162102957283,11.11,9.9,Average Performer,$+9.90 (+11.1% from baseline),False,False,True
4,33,2019-01-21,73.37842278203723,66.04058050383351,11.11,7.34,Average Performer,$+7.34 (+11.1% from baseline),False,False,True
10,49,2019-01-21,33.032311062431546,29.729079956188393,11.11,3.3,Average Performer,$+3.30 (+11.1% from baseline),False,False,True
1,37,2019-01-21,26.424424972617743,23.78198247535597,11.11,2.64,Average Performer,$+2.64 (+11.1% from baseline),False,False,True
5,41,2019-01-21,16.830777656078862,15.147699890470976,11.11,1.68,Average Performer,$+1.68 (+11.1% from baseline),False,False,True
6,4,2019-01-21,16.754107338444687,15.078696604600218,11.11,1.68,Average Performer,$+1.68 (+11.1% from baseline),False,False,True
4,27,2019-01-21,23.11171960569551,20.80054764512596,11.11,2.31,Average Performer,$+2.31 (+11.1% from baseline),False,False,True
9,18,2019-01-21,88.61062431544359,79.74956188389923,11.11,8.86,Average Performer,$+8.86 (+11.1% from baseline),False,False,True
4,26,2019-01-21,49.90197152245345,44.91177437020811,11.11,4.99,Average Performer,$+4.99 (+11.1% from baseline),False,False,True
7,2,2019-01-21,40.717962760131435,36.64616648411829,11.11,4.07,Average Performer,$+4.07 (+11.1% from baseline),False,False,True
1,24,2019-01-21,60.0,54.0,11.11,6.0,Average Performer,$+6.00 (+11.1% from baseline),False,False,True
2,21,2019-01-21,51.75629791894852,46.58066812705367,11.11,5.18,Average Performer,$+5.18 (+11.1% from baseline),False,False,True
5,32,2019-01-21,33.25739320920044,29.931653888280394,11.11,3.33,Average Performer,$+3.33 (+11.1% from baseline),False,False,True
4,27,2019-01-21,23.11171960569551,20.80054764512596,11.11,2.31,Average Performer,$+2.31 (+11.1% from baseline),False,False,True
5,2,2019-01-21,44.48849945235487,40.039649507119385,11.11,4.45,Average Performer,$+4.45 (+11.1% from baseline),False,False,True
5,24,2019-01-21,50.14676889375684,45.13209200438116,11.11,5.01,Average Performer,$+5.01 (+11.1% from baseline),False,False,True
4,44,2019-01-21,30.95235487404162,27.85711938663746,11.11,3.1,Average Performer,$+3.10 (+11.1% from baseline),False,False,True
10,11,2019-01-21,78.27217962760132,70.44496166484119,11.11,7.83,Average Performer,$+7.83 (+11.1% from baseline),False,False,True
5,21,2019-01-21,30.491785323110623,27.442606790799562,11.11,3.05,Average Performer,$+3.05 (+11.1% from baseline),False,False,True
7,50,2019-01-21,45.8236582694414,41.24129244249726,11.11,4.58,Average Performer,$+4.58 (+11.1% from baseline),False,False,True
9,32,2019-01-21,46.40470974808324,41.76423877327492,11.11,4.64,Average Performer,$+4.64 (+11.1% from baseline),False,False,True
1,5,2019-01-21,16.612814895947427,14.951533406352684,11.11,1.66,Average Performer,$+1.66 (+11.1% from baseline),False,False,True
4,46,2019-01-21,61.42004381161008,55.27803943044907,11.11,6.14,Average Performer,$+6.14 (+11.1% from baseline),False,False,True
8,28,2019-01-21,107.8132530120482,97.03192771084338,11.11,10.78,Average Performer,$+10.78 (+11.1% from baseline),False,False,True
10,44,2019-01-21,32.916757940854325,29.625082146768893,11.11,3.29,Average Performer,$+3.29 (+11.1% from baseline),False,False,True
6,31,2019-01-21,44.63088718510405,40.167798466593645,11.11,4.46,Average Performer,$+4.46 (+11.1% from baseline),False,False,True
1,37,2019-01-21,26.424424972617743,23.78198247535597,11.11,2.64,Average Performer,$+2.64 (+11.1% from baseline),False,False,True
7,7,2019-01-21,40.70974808324206,36.63877327491786,11.11,4.07,Average Performer,$+4.07 (+11.1% from baseline),False,False,True
5,6,2019-01-21,44.56462212486309,40.108159912376784,11.11,4.46,Average Performer,$+4.46 (+11.1% from baseline),False,False,True
9,39,2019-01-21,46.27437020810515,41.646933187294636,11.11,4.63,Average Performer,$+4.63 (+11.1% from baseline),False,False,True
8,12,2019-01-21,85.64403066812706,77.07962760131436,11.11,8.56,Average Performer,$+8.56 (+11.1% from baseline),False,False,True
8,1,2019-01-21,26.98357064622125,24.285213581599123,11.11,2.7,Average Performer,$+2.70 (+11.1% from baseline),False,False,True
9,23,2019-01-21,30.88170865279299,27.793537787513692,11.11,3.09,Average Performer,$+3.09 (+11.1% from baseline),False,False,True
1,4,2019-01-21,19.95618838992333,17.960569550930998,11.11,2.0,Average Performer,$+2.00 (+11.1% from baseline),False,False,True
5,19,2019-01-21,30.704819277108435,27.63433734939759,11.11,3.07,Average Performer,$+3.07 (+11.1% from baseline),False,False,True
2,43,2019-01-21,65.78532311062432,59.20679079956189,11.11,6.58,Average Performer,$+6.58 (+11.1% from baseline),False,False,True
6,2,2019-01-21,44.53395399780942,40.08055859802848,11.11,4.45,Average Performer,$+4.45 (+11.1% from baseline),False,False,True
3,30,2019-01-21,45.948521358159915,41.353669222343925,11.11,4.59,Average Performer,$+4.59 (+11.1% from baseline),False,False,True
10,46,2019-01-21,66.04654983570646,59.44189485213581,11.11,6.6,Average Performer,$+6.60 (+11.1% from baseline),False,False,True
2,32,2019-01-21,56.7552026286966,51.07968236582694,11.11,5.68,Average Performer,$+5.68 (+11.1% from baseline),False,False,True
3,15,2019-01-21,100.42332968236583,90.38099671412925,11.11,10.04,Average Performer,$+10.04 (+11.1% from baseline),False,False,True
3,40,2019-01-21,33.56900328587076,30.212102957283683,11.11,3.36,Average Performer,$+3.36 (+11.1% from baseline),False,False,True
8,44,2019-01-21,36.194414019715225,32.574972617743704,11.11,3.62,Average Performer,$+3.62 (+11.1% from baseline),False,False,True
9,38,2019-01-21,84.6434830230011,76.17913472070099,11.11,8.46,Average Performer,$+8.46 (+11.1% from baseline),False,False,True
5,39,2019-01-21,33.232201533406354,29.90898138006572,11.11,3.32,Average Performer,$+3.32 (+11.1% from baseline),False,False,True
2,36,2019-01-21,98.77053669222344,88.8934830230011,11.11,9.88,Average Performer,$+9.88 (+11.1% from baseline),False,False,True
7,26,2019-01-21,33.01807228915663,29.716265060240964,11.11,3.3,Average Performer,$+3.30 (+11.1% from baseline),False,False,True
4,6,2019-01-21,61.27053669222344,55.143483023001096,11.11,6.13,Average Performer,$+6.13 (+11.1% from baseline),False,False,True
2,22,2019-01-21,103.00985761226725,92.70887185104053,11.11,10.3,Average Performer,$+10.30 (+11.1% from baseline),False,False,True
7,27,2019-01-22,15.213581599123767,13.692223439211391,11.11,1.52,Average Performer,$+1.52 (+11.1% from baseline),False,False,True
6,45,2019-01-22,61.14293537787513,55.02864184008762,11.11,6.11,Average Performer,$+6.11 (+11.1% from baseline),False,False,True
9,18,2019-01-22,88.61062431544359,79.74956188389923,11.11,8.86,Average Performer,$+8.86 (+11.1% from baseline),False,False,True
8,2,2019-01-22,71.6566265060241,64.49096385542168,11.11,7.17,Average Performer,$+7.17 (+11.1% from baseline),False,False,True
9,28,2019-01-22,92.78751369112815,83.50876232201534,11.11,9.28,Average Performer,$+9.28 (+11.1% from baseline),False,False,True
7,50,2019-01-22,45.8236582694414,41.24129244249726,11.11,4.58,Average Performer,$+4.58 (+11.1% from baseline),False,False,True
9,43,2019-01-22,54.15279299014239,48.73751369112815,11.11,5.42,Average Performer,$+5.42 (+11.1% from baseline),False,False,True
7,37,2019-01-22,20.249726177437022,18.22475355969332,11.11,2.02,Average Performer,$+2.02 (+11.1% from baseline),False,False,True
6,15,2019-01-22,66.66867469879519,60.001807228915666,11.11,6.67,Average Performer,$+6.67 (+11.1% from baseline),False,False,True
5,4,2019-01-22,16.776560788608982,15.098904709748085,11.11,1.68,Average Performer,$+1.68 (+11.1% from baseline),False,False,True
8,22,2019-01-22,98.91456736035049,89.02311062431544,11.11,9.89,Average Performer,$+9.89 (+11.1% from baseline),False,False,True
6,41,2019-01-22,16.60733844468784,14.946604600219057,11.11,1.66,Average Performer,$+1.66 (+11.1% from baseline),False,False,True
9,5,2019-01-22,19.272179627601314,17.344961664841183,11.11,1.93,Average Performer,$+1.93 (+11.1% from baseline),False,False,True
9,47,2019-01-22,23.00328587075575,20.702957283680174,11.11,2.3,Average Performer,$+2.30 (+11.1% from baseline),False,False,True
1,7,2019-01-22,52.78368017524644,47.5053121577218,11.11,5.28,Average Performer,$+5.28 (+11.1% from baseline),False,False,True
10,37,2019-01-22,32.77601314348302,29.498411829134717,11.11,3.28,Average Performer,$+3.28 (+11.1% from baseline),False,False,True
10,21,2019-01-22,45.23274917853231,40.70947426067908,11.11,4.52,Average Performer,$+4.52 (+11.1% from baseline),False,False,True
7,34,2019-01-22,17.981380065717413,16.183242059145673,11.11,1.8,Average Performer,$+1.80 (+11.1% from baseline),False,False,True
2,27,2019-01-22,28.338992332968235,25.505093099671413,11.11,2.83,Average Performer,$+2.83 (+11.1% from baseline),False,False,True
2,2,2019-01-22,75.31653888280394,67.78488499452355,11.11,7.53,Average Performer,$+7.53 (+11.1% from baseline),False,False,True
10,4,2019-01-22,24.721248630887185,22.249123767798466,11.11,2.47,Average Performer,$+2.47 (+11.1% from baseline),False,False,True
1,7,2019-01-22,52.78368017524644,47.5053121577218,11.11,5.28,Average Performer,$+5.28 (+11.1% from baseline),False,False,True
6,22,2019-01-22,61.030668127053666,54.9276013143483,11.11,6.1,Average Performer,$+6.10 (+11.1% from baseline),False,False,True
6,36,2019-01-22,58.86199342825849,52.97579408543264,11.11,5.89,Average Performer,$+5.89 (+11.1% from baseline),False,False,True
1,48,2019-01-22,46.5460021905805,41.891401971522455,11.11,4.65,Average Performer,$+4.65 (+11.1% from baseline),False,False,True
10,29,2019-01-22,78.23767798466594,70.41391018619935,11.11,7.82,Average Performer,$+7.82 (+11.1% from baseline),False,False,True
8,23,2019-01-22,35.991785323110626,32.39260679079956,11.11,3.6,Average Performer,$+3.60 (+11.1% from baseline),False,False,True
5,36,2019-01-22,58.565717415115,52.7091456736035,11.11,5.86,Average Performer,$+5.86 (+11.1% from baseline),False,False,True
3,40,2019-01-22,33.56900328587076,30.212102957283683,11.11,3.36,Average Performer,$+3.36 (+11.1% from baseline),False,False,True
7,34,2019-01-22,17.981380065717413,16.183242059145673,11.11,1.8,Average Performer,$+1.80 (+11.1% from baseline),False,False,True
3,29,2019-01-22,79.68181818181819,71.71363636363637,11.11,7.97,Average Performer,$+7.97 (+11.1% from baseline),False,False,True
8,31,2019-01-22,71.97754654983571,64.77979189485214,11.11,7.2,Average Performer,$+7.20 (+11.1% from baseline),False,False,True
8,42,2019-01-22,45.14403066812705,40.62962760131435,11.11,4.51,Average Performer,$+4.51 (+11.1% from baseline),False,False,True
4,6,2019-01-22,61.27053669222344,55.143483023001096,11.11,6.13,Average Performer,$+6.13 (+11.1% from baseline),False,False,True
5,36,2019-01-22,58.565717415115,52.7091456736035,11.11,5.86,Average Performer,$+5.86 (+11.1% from baseline),False,False,True
9,32,2019-01-22,46.40470974808324,41.76423877327492,11.11,4.64,Average Performer,$+4.64 (+11.1% from baseline),False,False,True
7,13,2019-01-22,58.547645125958375,52.69288061336254,11.11,5.85,Average Performer,$+5.85 (+11.1% from baseline),False,False,True
8,27,2019-01-22,27.04435925520263,24.339923329682367,11.11,2.7,Average Performer,$+2.70 (+11.1% from baseline),False,False,True
9,41,2019-01-22,23.191128148959475,20.872015334063526,11.11,2.32,Average Performer,$+2.32 (+11.1% from baseline),False,False,True
7,48,2019-01-23,35.62431544359255,32.061883899233294,11.11,3.56,Average Performer,$+3.56 (+11.1% from baseline),False,False,True
3,6,2019-01-23,67.00711938663746,60.30640744797371,11.11,6.7,Average Performer,$+6.70 (+11.1% from baseline),False,False,True
8,48,2019-01-23,62.73713033953998,56.463417305585985,11.11,6.27,Average Performer,$+6.27 (+11.1% from baseline),False,False,True
6,44,2019-01-23,22.322562979189485,20.090306681270537,11.11,2.23,Average Performer,$+2.23 (+11.1% from baseline),False,False,True
2,5,2019-01-23,23.54052573932092,21.18647316538883,11.11,2.35,Average Performer,$+2.35 (+11.1% from baseline),False,False,True
3,3,2019-01-23,41.7710843373494,37.593975903614464,11.11,4.18,Average Performer,$+4.18 (+11.1% from baseline),False,False,True
5,2,2019-01-23,44.48849945235487,40.039649507119385,11.11,4.45,Average Performer,$+4.45 (+11.1% from baseline),False,False,True
7,48,2019-01-23,35.62431544359255,32.061883899233294,11.11,3.56,Average Performer,$+3.56 (+11.1% from baseline),False,False,True
9,33,2019-01-23,73.15991237677984,65.84392113910187,11.11,7.32,Average Performer,$+7.32 (+11.1% from baseline),False,False,True
7,29,2019-01-23,48.51807228915663,43.66626506024097,11.11,4.85,Average Performer,$+4.85 (+11.1% from baseline),False,False,True
2,36,2019-01-23,98.77053669222344,88.8934830230011,11.11,9.88,Average Performer,$+9.88 (+11.1% from baseline),False,False,True
4,42,2019-01-23,38.539978094194964,34.68598028477547,11.11,3.85,Average Performer,$+3.85 (+11.1% from baseline),False,False,True
5,22,2019-01-23,61.38828039430449,55.24945235487404,11.11,6.14,Average Performer,$+6.14 (+11.1% from baseline),False,False,True
2,10,2019-01-23,94.09748083242059,84.68773274917854,11.11,9.41,Average Performer,$+9.41 (+11.1% from baseline),False,False,True
8,18,2019-01-23,103.82037239868565,93.43833515881708,11.11,10.38,Average Performer,$+10.38 (+11.1% from baseline),False,False,True
1,48,2019-01-23,46.5460021905805,41.891401971522455,11.11,4.65,Average Performer,$+4.65 (+11.1% from baseline),False,False,True
7,11,2019-01-23,48.393209200438115,43.553888280394304,11.11,4.84,Average Performer,$+4.84 (+11.1% from baseline),False,False,True
3,14,2019-01-23,66.84118291347207,60.157064622124864,11.11,6.68,Average Performer,$+6.68 (+11.1% from baseline),False,False,True
10,33,2019-01-23,78.36473165388828,70.52825848849946,11.11,7.84,Average Performer,$+7.84 (+11.1% from baseline),False,False,True
8,26,2019-01-23,58.62212486308872,52.75991237677985,11.11,5.86,Average Performer,$+5.86 (+11.1% from baseline),False,False,True
6,49,2019-01-23,22.181270536692224,19.963143483023003,11.11,2.22,Average Performer,$+2.22 (+11.1% from baseline),False,False,True
4,38,2019-01-23,84.57447973713035,76.11703176341732,11.11,8.46,Average Performer,$+8.46 (+11.1% from baseline),False,False,True
9,8,2019-01-23,81.28751369112815,73.15876232201533,11.11,8.13,Average Performer,$+8.13 (+11.1% from baseline),False,False,True
10,17,2019-01-23,37.11281489594742,33.401533406352684,11.11,3.71,Average Performer,$+3.71 (+11.1% from baseline),False,False,True
4,8,2019-01-23,80.81982475355969,72.73784227820371,11.11,8.08,Average Performer,$+8.08 (+11.1% from baseline),False,False,True
10,10,2019-01-23,82.23220153340635,74.00898138006572,11.11,8.22,Average Performer,$+8.22 (+11.1% from baseline),False,False,True
3,45,2019-01-23,91.85104052573932,82.66593647316539,11.11,9.19,Average Performer,$+9.19 (+11.1% from baseline),False,False,True
8,5,2019-01-23,22.427710843373493,20.184939759036144,11.11,2.24,Average Performer,$+2.24 (+11.1% from baseline),False,False,True
4,45,2019-01-23,84.68729463307777,76.21856516976999,11.11,8.47,Average Performer,$+8.47 (+11.1% from baseline),False,False,True
3,2,2019-01-23,66.80449069003286,60.124041621029576,11.11,6.68,Average Performer,$+6.68 (+11.1% from baseline),False,False,True
7,44,2019-01-23,20.44633077765608,18.401697699890473,11.11,2.04,Average Performer,$+2.04 (+11.1% from baseline),False,False,True
6,28,2019-01-23,66.460569550931,59.8145125958379,11.11,6.65,Average Performer,$+6.65 (+11.1% from baseline),False,False,True
7,6,2019-01-23,40.70372398685652,36.63335158817087,11.11,4.07,Average Performer,$+4.07 (+11.1% from baseline),False,False,True
9,8,2019-01-23,81.28751369112815,73.15876232201533,11.11,8.13,Average Performer,$+8.13 (+11.1% from baseline),False,False,True
9,5,2019-01-23,19.272179627601314,17.344961664841183,11.11,1.93,Average Performer,$+1.93 (+11.1% from baseline),False,False,True
3,5,2019-01-23,20.857612267250822,18.77185104052574,11.11,2.09,Average Performer,$+2.09 (+11.1% from baseline),False,False,True
8,19,2019-01-23,49.446878422782035,44.502190580503836,11.11,4.94,Average Performer,$+4.94 (+11.1% from baseline),False,False,True
7,47,2019-01-23,15.479189485213581,13.931270536692223,11.11,1.55,Average Performer,$+1.55 (+11.1% from baseline),False,False,True
1,22,2019-01-23,72.78148959474261,65.50334063526834,11.11,7.28,Average Performer,$+7.28 (+11.1% from baseline),False,False,True
2,49,2019-01-23,37.71193866374589,33.9407447973713,11.11,3.77,Average Performer,$+3.77 (+11.1% from baseline),False,False,True
1,41,2019-01-23,20.00273822562979,18.002464403066814,11.11,2.0,Average Performer,$+2.00 (+11.1% from baseline),False,False,True
9,10,2019-01-24,77.105147864184,69.3946330777656,11.11,7.71,Average Performer,$+7.71 (+11.1% from baseline),False,False,True
3,13,2019-01-24,96.21467688937568,86.59320920043811,11.11,9.62,Average Performer,$+9.62 (+11.1% from baseline),False,False,True
5,33,2019-01-24,53.15717415115005,47.84145673603505,11.11,5.32,Average Performer,$+5.32 (+11.1% from baseline),False,False,True
9,30,2019-01-24,42.54819277108434,38.293373493975906,11.11,4.25,Average Performer,$+4.25 (+11.1% from baseline),False,False,True
1,48,2019-01-24,46.5460021905805,41.891401971522455,11.11,4.65,Average Performer,$+4.65 (+11.1% from baseline),False,False,True
1,32,2019-01-24,39.83789704271632,35.85410733844469,11.11,3.98,Average Performer,$+3.98 (+11.1% from baseline),False,False,True
9,15,2019-01-24,93.13745892661555,83.823713033954,11.11,9.31,Average Performer,$+9.31 (+11.1% from baseline),False,False,True
1,12,2019-01-24,63.23384446878423,56.910460021905806,11.11,6.32,Average Performer,$+6.32 (+11.1% from baseline),False,False,True
1,37,2019-01-24,26.424424972617743,23.78198247535597,11.11,2.64,Average Performer,$+2.64 (+11.1% from baseline),False,False,True
10,35,2019-01-24,73.6434830230011,66.279134720701,11.11,7.36,Average Performer,$+7.36 (+11.1% from baseline),False,False,True
3,5,2019-01-24,20.857612267250822,18.77185104052574,11.11,2.09,Average Performer,$+2.09 (+11.1% from baseline),False,False,True
9,9,2019-01-24,54.10569550930997,48.69512595837897,11.11,5.41,Average Performer,$+5.41 (+11.1% from baseline),False,False,True
2,42,2019-01-24,47.36801752464403,42.63121577217963,11.11,4.74,Average Performer,$+4.74 (+11.1% from baseline),False,False,True
7,27,2019-01-24,15.213581599123767,13.692223439211391,11.11,1.52,Average Performer,$+1.52 (+11.1% from baseline),False,False,True
9,50,2019-01-24,69.30832420591457,62.377491785323116,11.11,6.93,Average Performer,$+6.93 (+11.1% from baseline),False,False,True
1,37,2019-01-24,26.424424972617743,23.78198247535597,11.11,2.64,Average Performer,$+2.64 (+11.1% from baseline),False,False,True
1,25,2019-01-24,72.73603504928806,65.46243154435926,11.11,7.27,Average Performer,$+7.27 (+11.1% from baseline),False,False,True
9,40,2019-01-24,30.697152245345016,27.627437020810515,11.11,3.07,Average Performer,$+3.07 (+11.1% from baseline),False,False,True
6,37,2019-01-24,22.43209200438116,20.188882803943045,11.11,2.24,Average Performer,$+2.24 (+11.1% from baseline),False,False,True
6,1,2019-01-24,16.717962760131435,15.046166484118292,11.11,1.67,Average Performer,$+1.67 (+11.1% from baseline),False,False,True
9,16,2019-01-24,26.997809419496168,24.298028477546552,11.11,2.7,Average Performer,$+2.70 (+11.1% from baseline),False,False,True
10,47,2019-01-24,24.755750273822564,22.280175246440308,11.11,2.48,Average Performer,$+2.48 (+11.1% from baseline),False,False,True
1,8,2019-01-24,69.47207009857613,62.52486308871851,11.11,6.95,Average Performer,$+6.95 (+11.1% from baseline),False,False,True
3,21,2019-01-24,45.95564074479737,41.36007667031763,11.11,4.6,Average Performer,$+4.60 (+11.1% from baseline),False,False,True
8,5,2019-01-24,22.427710843373493,20.184939759036144,11.11,2.24,Average Performer,$+2.24 (+11.1% from baseline),False,False,True
9,33,2019-01-24,73.15991237677984,65.84392113910187,11.11,7.32,Average Performer,$+7.32 (+11.1% from baseline),False,False,True
8,24,2019-01-24,81.20700985761226,73.08630887185105,11.11,8.12,Average Performer,$+8.12 (+11.1% from baseline),False,False,True
6,38,2019-01-24,61.31818181818182,55.18636363636364,11.11,6.13,Average Performer,$+6.13 (+11.1% from baseline),False,False,True
8,14,2019-01-24,71.60295728368017,64.44266155531216,11.11,7.16,Average Performer,$+7.16 (+11.1% from baseline),False,False,True
8,35,2019-01-24,80.8433734939759,72.75903614457832,11.11,8.08,Average Performer,$+8.08 (+11.1% from baseline),False,False,True
2,48,2019-01-24,66.02847754654984,59.425629791894856,11.11,6.6,Average Performer,$+6.60 (+11.1% from baseline),False,False,True
8,38,2019-01-24,98.94797371303396,89.05317634173056,11.11,9.89,Average Performer,$+9.89 (+11.1% from baseline),False,False,True
10,36,2019-01-24,86.62650602409639,77.96385542168674,11.11,8.66,Average Performer,$+8.66 (+11.1% from baseline),False,False,True
2,40,2019-01-24,37.57064622124863,33.813581599123765,11.11,3.76,Average Performer,$+3.76 (+11.1% from baseline),False,False,True
8,22,2019-01-24,98.91456736035049,89.02311062431544,11.11,9.89,Average Performer,$+9.89 (+11.1% from baseline),False,False,True
2,28,2019-01-24,112.63800657174151,101.37420591456737,11.11,11.26,Average Performer,$+11.26 (+11.1% from baseline),False,False,True
10,32,2019-01-24,49.3433734939759,44.409036144578316,11.11,4.93,Average Performer,$+4.93 (+11.1% from baseline),False,False,True
9,12,2019-01-24,73.4052573932092,66.06473165388827,11.11,7.34,Average Performer,$+7.34 (+11.1% from baseline),False,False,True
8,37,2019-01-24,36.02738225629792,32.42464403066813,11.11,3.6,Average Performer,$+3.60 (+11.1% from baseline),False,False,True
10,20,2019-01-24,53.23986856516977,47.9158817086528,11.11,5.32,Average Performer,$+5.32 (+11.1% from baseline),False,False,True
10,41,2019-01-24,24.65498357064622,22.189485213581598,11.11,2.47,Average Performer,$+2.47 (+11.1% from baseline),False,False,True
8,36,2019-01-24,94.3658269441402,84.92924424972618,11.11,9.44,Average Performer,$+9.44 (+11.1% from baseline),False,False,True
10,8,2019-01-24,86.17688937568455,77.5592004381161,11.11,8.62,Average Performer,$+8.62 (+11.1% from baseline),False,False,True
8,50,2019-01-24,80.97207009857613,72.87486308871851,11.11,8.1,Average Performer,$+8.10 (+11.1% from baseline),False,False,True
3,30,2019-01-24,45.948521358159915,41.353669222343925,11.11,4.59,Average Performer,$+4.59 (+11.1% from baseline),False,False,True
5,1,2019-01-24,16.739320920043813,15.065388828039431,11.11,1.67,Average Performer,$+1.67 (+11.1% from baseline),False,False,True
2,7,2019-01-25,75.05859802847755,67.5527382256298,11.11,7.51,Average Performer,$+7.51 (+11.1% from baseline),False,False,True
4,38,2019-01-25,84.57447973713035,76.11703176341732,11.11,8.46,Average Performer,$+8.46 (+11.1% from baseline),False,False,True
2,22,2019-01-25,103.00985761226725,92.70887185104053,11.11,10.3,Average Performer,$+10.30 (+11.1% from baseline),False,False,True
5,42,2019-01-25,27.730558598028477,24.957502738225628,11.11,2.77,Average Performer,$+2.77 (+11.1% from baseline),False,False,True
